puzzle_size,nAnts_alg0,nAnts_alg2,nAnts_alg3,nAnts_alg4,threads_alg0,threads_alg2,threads_alg3,threads_alg4,numcolonies_alg0,numcolonies_alg2,numcolonies_alg3,numcolonies_alg4,numacs_alg0,numacs_alg2,numacs_alg3,numacs_alg4,q0_alg0,q0_alg2,q0_alg3,q0_alg4,rho_alg0,rho_alg2,rho_alg3,rho_alg4,bve_alg0,bve_alg2,bve_alg3,bve_alg4,timeout_alg0,timeout_alg2,timeout_alg3,timeout_alg4,success_rate_alg0,success_rate_alg2,success_rate_alg3,success_rate_alg4,time_mean_alg0,time_mean_alg2,time_mean_alg3,time_mean_alg4,time_std_alg0,time_std_alg2,time_std_alg3,time_std_alg4,iter_mean_alg0,iter_mean_alg2,iter_mean_alg3,iter_mean_alg4,with_comm_alg0,with_comm_alg2,with_comm_alg3,with_comm_alg4,without_comm_alg0,without_comm_alg2,without_comm_alg3,without_comm_alg4,cp_initial_mean_alg0,cp_initial_mean_alg2,cp_initial_mean_alg3,cp_initial_mean_alg4,cp_ant_mean_alg0,cp_ant_mean_alg2,cp_ant_mean_alg3,cp_ant_mean_alg4,cp_total_mean_alg0,cp_total_mean_alg2,cp_total_mean_alg3,cp_total_mean_alg4,acs_time_mean_alg0,acs_time_mean_alg2,acs_time_mean_alg3,acs_time_mean_alg4,dcm_aco_time_mean_alg0,dcm_aco_time_mean_alg2,dcm_aco_time_mean_alg3,dcm_aco_time_mean_alg4,coop_game_mean_alg0,coop_game_mean_alg2,coop_game_mean_alg3,coop_game_mean_alg4,pheromone_fusion_mean_alg0,pheromone_fusion_mean_alg2,pheromone_fusion_mean_alg3,pheromone_fusion_mean_alg4,public_path_mean_alg0,public_path_mean_alg2,public_path_mean_alg3,public_path_mean_alg4,communication_time_mean_alg0,communication_time_mean_alg2,communication_time_mean_alg3,communication_time_mean_alg4,cp_percentage_alg0,cp_percentage_alg2,cp_percentage_alg3,cp_percentage_alg4,acs_time_percentage_alg0,acs_time_percentage_alg2,acs_time_percentage_alg3,acs_time_percentage_alg4,dcm_aco_time_percentage_alg0,dcm_aco_time_percentage_alg2,dcm_aco_time_percentage_alg3,dcm_aco_time_percentage_alg4,coop_game_percentage_alg0,coop_game_percentage_alg2,coop_game_percentage_alg3,coop_game_percentage_alg4,pheromone_fusion_percentage_alg0,pheromone_fusion_percentage_alg2,pheromone_fusion_percentage_alg3,pheromone_fusion_percentage_alg4,public_path_percentage_alg0,public_path_percentage_alg2,public_path_percentage_alg3,public_path_percentage_alg4,communication_time_percentage_alg0,communication_time_percentage_alg2,communication_time_percentage_alg3,communication_time_percentage_alg4
2020_00004,10,10,3,3,N/A,3,N/A,3,N/A,N/A,3,3,N/A,N/A,2,2,0.9,0.9,0.9,0.9,0.9,0.9,0.9,0.9,0.005,0.005,0.005,0.005,5.0,5.0,5.0,5.0,99.00,100.00,100.00,100.00,0.061879,0.031554,0.036661,0.017608,0.053412,0.022869,0.030947,0.012851,66.72,30.14,42.34,16.44,N/A,1,N/A,0,N/A,99,N/A,100,0.000084,0.000091,0.000084,0.000096,0.038041,0.018179,0.022002,0.009502,0.038125,0.018270,0.022086,0.009599,0.023755,0.013271,N/A,N/A,N/A,N/A,0.014575,0.008009,N/A,N/A,0.000454,0.000196,N/A,N/A,0.000043,0.000036,N/A,N/A,0.000092,0.000032,N/A,0.000014,N/A,0.000000,61.61,57.90,60.24,54.51,38.39,42.06,N/A,N/A,N/A,N/A,39.76,45.48,N/A,N/A,1.24,1.11,N/A,N/A,0.12,0.21,N/A,N/A,0.25,0.18,N/A,0.04,N/A,0.00
2020_00021,10,10,3,3,N/A,3,N/A,3,N/A,N/A,3,3,N/A,N/A,2,2,0.9,0.9,0.9,0.9,0.9,0.9,0.9,0.9,0.005,0.005,0.005,0.005,5.0,5.0,5.0,5.0,100.00,100.00,100.00,100.00,0.078430,0.040312,0.042670,0.022245,0.060923,0.034262,0.038767,0.019709,89.16,39.09,52.92,23.15,N/A,6,N/A,1,N/A,94,N/A,99,0.000082,0.000090,0.000086,0.000091,0.047976,0.023159,0.025417,0.012194,0.048058,0.023249,0.025504,0.012286,0.030372,0.016818,N/A,N/A,N/A,N/A,0.017166,0.009959,N/A,N/A,0.000545,0.000255,N/A,N/A,0.000040,0.000040,N/A,N/A,0.000106,0.000039,N/A,0.000244,N/A,0.000000,61.28,57.67,59.77,55.23,38.72,41.72,N/A,N/A,N/A,N/A,40.23,44.77,N/A,N/A,1.28,1.15,N/A,N/A,0.09,0.18,N/A,N/A,0.25,0.18,N/A,0.61,N/A,0.00
2020_00041,10,10,3,3,N/A,3,N/A,3,N/A,N/A,3,3,N/A,N/A,2,2,0.9,0.9,0.9,0.9,0.9,0.9,0.9,0.9,0.005,0.005,0.005,0.005,5.0,5.0,5.0,5.0,100.00,100.00,100.00,100.00,0.083964,0.039407,0.067002,0.017102,0.075098,0.032836,0.068668,0.020909,95.25,37.81,83.59,17.53,N/A,2,N/A,0,N/A,98,N/A,100,0.000085,0.000096,0.000087,0.000093,0.051689,0.022906,0.040169,0.009253,0.051774,0.023002,0.040256,0.009347,0.032190,0.016379,N/A,N/A,N/A,N/A,0.026747,0.007756,N/A,N/A,0.000858,0.000190,N/A,N/A,0.000037,0.000032,N/A,N/A,0.000176,0.000034,N/A,0.000025,N/A,0.000000,61.66,58.37,60.08,54.65,38.34,41.56,N/A,N/A,N/A,N/A,39.92,45.35,N/A,N/A,1.28,1.11,N/A,N/A,0.06,0.19,N/A,N/A,0.26,0.20,N/A,0.06,N/A,0.00
2020_00049,10,10,3,3,N/A,3,N/A,3,N/A,N/A,3,3,N/A,N/A,2,2,0.9,0.9,0.9,0.9,0.9,0.9,0.9,0.9,0.005,0.005,0.005,0.005,5.0,5.0,5.0,5.0,100.00,100.00,100.00,100.00,0.112403,0.060668,0.121713,0.049171,0.126066,0.053435,0.138313,0.042066,117.99,48.44,140.81,45.06,N/A,11,N/A,9,N/A,89,N/A,91,0.000085,0.000103,0.000086,0.000099,0.069372,0.035910,0.073208,0.028230,0.069457,0.036013,0.073293,0.028329,0.042946,0.024348,N/A,N/A,N/A,N/A,0.048420,0.020655,N/A,N/A,0.001504,0.000578,N/A,N/A,0.000040,0.000038,N/A,N/A,0.000320,0.000105,N/A,0.000308,N/A,0.000188,61.79,59.36,60.22,57.61,38.21,40.13,N/A,N/A,N/A,N/A,39.78,42.01,N/A,N/A,1.24,1.18,N/A,N/A,0.03,0.08,N/A,N/A,0.26,0.21,N/A,0.51,N/A,0.38
2020_00054,10,10,3,3,N/A,3,N/A,3,N/A,N/A,3,3,N/A,N/A,2,2,0.9,0.9,0.9,0.9,0.9,0.9,0.9,0.9,0.005,0.005,0.005,0.005,5.0,5.0,5.0,5.0,100.00,100.00,100.00,100.00,0.068815,0.048040,0.068703,0.036369,0.062492,0.035168,0.057465,0.029211,76.87,46.76,84.68,38.84,N/A,8,N/A,2,N/A,92,N/A,98,0.000091,0.000100,0.000090,0.000095,0.041962,0.027763,0.040823,0.020439,0.042053,0.027863,0.040912,0.020534,0.026762,0.020062,N/A,N/A,N/A,N/A,0.027790,0.015835,N/A,N/A,0.000881,0.000436,N/A,N/A,0.000039,0.000036,N/A,N/A,0.000187,0.000080,N/A,0.000115,N/A,0.000000,61.11,58.00,59.55,56.46,38.89,41.76,N/A,N/A,N/A,N/A,40.45,43.54,N/A,N/A,1.28,1.20,N/A,N/A,0.06,0.10,N/A,N/A,0.27,0.22,N/A,0.24,N/A,0.00
2020_00057,10,10,3,3,N/A,3,N/A,3,N/A,N/A,3,3,N/A,N/A,2,2,0.9,0.9,0.9,0.9,0.9,0.9,0.9,0.9,0.005,0.005,0.005,0.005,5.0,5.0,5.0,5.0,100.00,100.00,100.00,100.00,0.059462,0.024509,0.034893,0.017592,0.096398,0.018219,0.029365,0.014775,68.66,23.56,40.73,17.70,N/A,0,N/A,0,N/A,100,N/A,100,0.000085,0.000093,0.000086,0.000093,0.036241,0.013914,0.020882,0.009535,0.036326,0.014007,0.020968,0.009627,0.023136,0.010502,N/A,N/A,N/A,N/A,0.013925,0.007965,N/A,N/A,0.000431,0.000195,N/A,N/A,0.000042,0.000035,N/A,N/A,0.000088,0.000033,N/A,0.000000,N/A,0.000000,61.09,57.15,60.09,54.73,38.91,42.85,N/A,N/A,N/A,N/A,39.91,45.28,N/A,N/A,1.24,1.11,N/A,N/A,0.12,0.20,N/A,N/A,0.25,0.19,N/A,0.00,N/A,0.00
2020_00081,10,10,3,3,N/A,3,N/A,3,N/A,N/A,3,3,N/A,N/A,2,2,0.9,0.9,0.9,0.9,0.9,0.9,0.9,0.9,0.005,0.005,0.005,0.005,5.0,5.0,5.0,5.0,100.00,100.00,100.00,100.00,0.126103,0.056956,0.128017,0.050584,0.129635,0.053295,0.126876,0.039648,139.77,53.41,156.28,50.34,N/A,17,N/A,14,N/A,83,N/A,86,0.000088,0.000095,0.000087,0.000099,0.077062,0.032974,0.076251,0.028693,0.077150,0.033069,0.076338,0.028792,0.048952,0.023407,N/A,N/A,N/A,N/A,0.051679,0.021642,N/A,N/A,0.001599,0.000601,N/A,N/A,0.000036,0.000036,N/A,N/A,0.000342,0.000117,N/A,0.000480,N/A,0.000150,61.18,58.06,59.63,56.92,38.82,41.10,N/A,N/A,N/A,N/A,40.37,42.78,N/A,N/A,1.25,1.19,N/A,N/A,0.03,0.07,N/A,N/A,0.27,0.23,N/A,0.84,N/A,0.30
2020_00095,10,10,3,3,N/A,3,N/A,3,N/A,N/A,3,3,N/A,N/A,2,2,0.9,0.9,0.9,0.9,0.9,0.9,0.9,0.9,0.005,0.005,0.005,0.005,5.0,5.0,5.0,5.0,100.00,100.00,100.00,100.00,0.088906,0.048075,0.073022,0.039050,0.079653,0.040145,0.064778,0.034030,108.65,44.43,84.57,35.54,N/A,6,N/A,5,N/A,94,N/A,95,0.000093,0.000107,0.000109,0.000122,0.054158,0.027443,0.043326,0.021829,0.054251,0.027550,0.043435,0.021951,0.034656,0.020367,N/A,N/A,N/A,N/A,0.029587,0.017065,N/A,N/A,0.001001,0.000519,N/A,N/A,0.000045,0.000046,N/A,N/A,0.000219,0.000095,N/A,0.000159,N/A,0.000034,61.02,57.31,59.48,56.21,38.98,42.37,N/A,N/A,N/A,N/A,40.52,43.70,N/A,N/A,1.37,1.33,N/A,N/A,0.06,0.12,N/A,N/A,0.30,0.24,N/A,0.33,N/A,0.09
2020_00153,10,10,3,3,N/A,3,N/A,3,N/A,N/A,3,3,N/A,N/A,2,2,0.9,0.9,0.9,0.9,0.9,0.9,0.9,0.9,0.005,0.005,0.005,0.005,5.0,5.0,5.0,5.0,100.00,100.00,100.00,100.00,0.164546,0.082692,0.091400,0.050425,0.162370,0.084923,0.082440,0.045192,162.87,69.49,100.07,45.94,N/A,17,N/A,11,N/A,83,N/A,89,0.000106,0.000116,0.000103,0.000113,0.100376,0.048152,0.054361,0.028451,0.100482,0.048268,0.054465,0.028565,0.064063,0.033616,N/A,N/A,N/A,N/A,0.036936,0.021505,N/A,N/A,0.001171,0.000613,N/A,N/A,0.000040,0.000039,N/A,N/A,0.000256,0.000118,N/A,0.000808,N/A,0.000355,61.07,58.37,59.59,56.65,38.93,40.65,N/A,N/A,N/A,N/A,40.41,42.65,N/A,N/A,1.28,1.21,N/A,N/A,0.04,0.08,N/A,N/A,0.28,0.23,N/A,0.98,N/A,0.70
2020_00155,10,10,3,3,N/A,3,N/A,3,N/A,N/A,3,3,N/A,N/A,2,2,0.9,0.9,0.9,0.9,0.9,0.9,0.9,0.9,0.005,0.005,0.005,0.005,5.0,5.0,5.0,5.0,100.00,100.00,100.00,100.00,0.098136,0.049362,0.084459,0.036733,0.096654,0.039306,0.078688,0.038143,90.30,38.36,85.44,30.10,N/A,3,N/A,7,N/A,97,N/A,93,0.000099,0.000107,0.000097,0.000103,0.060473,0.028884,0.050887,0.020692,0.060572,0.028991,0.050984,0.020795,0.037564,0.020370,N/A,N/A,N/A,N/A,0.033474,0.015661,N/A,N/A,0.000959,0.000393,N/A,N/A,0.000044,0.000041,N/A,N/A,0.000212,0.000073,N/A,0.000000,N/A,0.000276,61.72,58.73,60.37,56.61,38.28,41.27,N/A,N/A,N/A,N/A,39.63,42.64,N/A,N/A,1.14,1.07,N/A,N/A,0.05,0.11,N/A,N/A,0.25,0.20,N/A,0.00,N/A,0.75
2020_00159,10,10,3,3,N/A,3,N/A,3,N/A,N/A,3,3,N/A,N/A,2,2,0.9,0.9,0.9,0.9,0.9,0.9,0.9,0.9,0.005,0.005,0.005,0.005,5.0,5.0,5.0,5.0,100.00,100.00,100.00,100.00,0.109560,0.044968,0.090604,0.041414,0.087895,0.044694,0.078048,0.036859,121.78,40.94,108.03,38.65,N/A,5,N/A,6,N/A,95,N/A,94,0.000109,0.000115,0.000106,0.000120,0.066640,0.025814,0.053589,0.023077,0.066749,0.025929,0.053695,0.023197,0.042811,0.018870,N/A,N/A,N/A,N/A,0.036909,0.018043,N/A,N/A,0.001238,0.000540,N/A,N/A,0.000041,0.000040,N/A,N/A,0.000274,0.000104,N/A,0.000169,N/A,0.000173,60.92,57.66,59.26,56.01,39.08,41.96,N/A,N/A,N/A,N/A,40.74,43.57,N/A,N/A,1.37,1.30,N/A,N/A,0.05,0.10,N/A,N/A,0.30,0.25,N/A,0.38,N/A,0.42
2020_00175,10,10,3,3,N/A,3,N/A,3,N/A,N/A,3,3,N/A,N/A,2,2,0.9,0.9,0.9,0.9,0.9,0.9,0.9,0.9,0.005,0.005,0.005,0.005,5.0,5.0,5.0,5.0,100.00,100.00,100.00,100.00,0.070786,0.034031,0.057168,0.028704,0.058704,0.024955,0.052509,0.023325,80.58,30.10,72.33,30.90,N/A,0,N/A,1,N/A,100,N/A,99,0.000119,0.000137,0.000116,0.000124,0.042792,0.019135,0.033458,0.015650,0.042911,0.019272,0.033574,0.015775,0.027876,0.014758,N/A,N/A,N/A,N/A,0.023595,0.012907,N/A,N/A,0.000863,0.000405,N/A,N/A,0.000042,0.000037,N/A,N/A,0.000195,0.000080,N/A,0.000000,N/A,0.000022,60.62,56.63,58.73,54.96,39.38,43.37,N/A,N/A,N/A,N/A,41.27,44.96,N/A,N/A,1.51,1.41,N/A,N/A,0.07,0.13,N/A,N/A,0.34,0.28,N/A,0.00,N/A,0.08
2020_00177,10,10,3,3,N/A,3,N/A,3,N/A,N/A,3,3,N/A,N/A,2,2,0.9,0.9,0.9,0.9,0.9,0.9,0.9,0.9,0.005,0.005,0.005,0.005,5.0,5.0,5.0,5.0,100.00,100.00,100.00,100.00,0.119779,0.056069,0.100161,0.043766,0.122153,0.041054,0.104998,0.031815,130.09,49.62,117.73,41.91,N/A,8,N/A,5,N/A,92,N/A,95,0.000108,0.000118,0.000106,0.000124,0.072824,0.032533,0.059290,0.024518,0.072932,0.032650,0.059396,0.024642,0.046846,0.023168,N/A,N/A,N/A,N/A,0.040764,0.018884,N/A,N/A,0.001361,0.000562,N/A,N/A,0.000041,0.000039,N/A,N/A,0.000293,0.000107,N/A,0.000250,N/A,0.000241,60.89,58.23,59.30,56.30,39.11,41.32,N/A,N/A,N/A,N/A,40.70,43.15,N/A,N/A,1.36,1.28,N/A,N/A,0.04,0.09,N/A,N/A,0.29,0.24,N/A,0.45,N/A,0.55
2020_00179,10,10,3,3,N/A,3,N/A,3,N/A,N/A,3,3,N/A,N/A,2,2,0.9,0.9,0.9,0.9,0.9,0.9,0.9,0.9,0.005,0.005,0.005,0.005,5.0,5.0,5.0,5.0,100.00,100.00,100.00,100.00,0.100691,0.042199,0.069092,0.026544,0.083741,0.048256,0.064087,0.028993,114.52,38.90,83.74,26.29,N/A,7,N/A,3,N/A,93,N/A,97,0.000110,0.000124,0.000113,0.000121,0.060855,0.024060,0.040619,0.014399,0.060965,0.024184,0.040732,0.014520,0.039726,0.017674,N/A,N/A,N/A,N/A,0.028361,0.011868,N/A,N/A,0.000970,0.000342,N/A,N/A,0.000040,0.000036,N/A,N/A,0.000213,0.000062,N/A,0.000340,N/A,0.000157,60.55,57.31,58.95,54.70,39.45,41.88,N/A,N/A,N/A,N/A,41.05,44.71,N/A,N/A,1.40,1.29,N/A,N/A,0.06,0.14,N/A,N/A,0.31,0.23,N/A,0.81,N/A,0.59
2020_00203,10,10,3,3,N/A,3,N/A,3,N/A,N/A,3,3,N/A,N/A,2,2,0.9,0.9,0.9,0.9,0.9,0.9,0.9,0.9,0.005,0.005,0.005,0.005,5.0,5.0,5.0,5.0,100.00,100.00,100.00,100.00,0.092063,0.044095,0.068636,0.024627,0.086824,0.043151,0.070996,0.025867,93.43,36.15,73.96,22.13,N/A,6,N/A,2,N/A,94,N/A,98,0.000097,0.000110,0.000100,0.000106,0.056892,0.025748,0.041229,0.013668,0.056989,0.025857,0.041329,0.013774,0.035074,0.018071,N/A,N/A,N/A,N/A,0.027307,0.010845,N/A,N/A,0.000881,0.000283,N/A,N/A,0.000044,0.000037,N/A,N/A,0.000195,0.000050,N/A,0.000166,N/A,0.000009,61.90,58.64,60.21,55.93,38.10,40.98,N/A,N/A,N/A,N/A,39.79,44.04,N/A,N/A,1.28,1.15,N/A,N/A,0.06,0.15,N/A,N/A,0.28,0.20,N/A,0.38,N/A,0.04
2020_00217,10,10,3,3,N/A,3,N/A,3,N/A,N/A,3,3,N/A,N/A,2,2,0.9,0.9,0.9,0.9,0.9,0.9,0.9,0.9,0.005,0.005,0.005,0.005,5.0,5.0,5.0,5.0,100.00,100.00,100.00,100.00,0.144806,0.081563,0.185499,0.066450,0.148102,0.076744,0.185243,0.079057,132.07,50.31,154.33,49.52,N/A,12,N/A,13,N/A,88,N/A,87,0.000106,0.000150,0.000137,0.000132,0.089505,0.048134,0.111098,0.037576,0.089611,0.048284,0.111235,0.037708,0.055196,0.032844,N/A,N/A,N/A,N/A,0.074264,0.027968,N/A,N/A,0.002659,0.000885,N/A,N/A,0.000065,0.000054,N/A,N/A,0.000643,0.000174,N/A,0.000435,N/A,0.000774,61.88,59.20,59.97,56.75,38.12,40.27,N/A,N/A,N/A,N/A,40.03,42.09,N/A,N/A,1.43,1.33,N/A,N/A,0.03,0.08,N/A,N/A,0.35,0.26,N/A,0.53,N/A,1.17
2020_00223,10,10,3,3,N/A,3,N/A,3,N/A,N/A,3,3,N/A,N/A,2,2,0.9,0.9,0.9,0.9,0.9,0.9,0.9,0.9,0.005,0.005,0.005,0.005,5.0,5.0,5.0,5.0,100.00,100.00,100.00,100.00,0.112421,0.052397,0.101454,0.038760,0.100784,0.042829,0.090382,0.029615,96.21,40.20,107.87,37.10,N/A,5,N/A,4,N/A,95,N/A,96,0.000126,0.000132,0.000116,0.000114,0.069030,0.030379,0.060149,0.021659,0.069156,0.030511,0.060265,0.021773,0.043266,0.021711,N/A,N/A,N/A,N/A,0.041188,0.016866,N/A,N/A,0.001442,0.000510,N/A,N/A,0.000048,0.000037,N/A,N/A,0.000320,0.000092,N/A,0.000176,N/A,0.000121,61.51,58.23,59.40,56.17,38.49,41.44,N/A,N/A,N/A,N/A,40.60,43.51,N/A,N/A,1.42,1.32,N/A,N/A,0.05,0.10,N/A,N/A,0.32,0.24,N/A,0.34,N/A,0.31
2020_00231,10,10,3,3,N/A,3,N/A,3,N/A,N/A,3,3,N/A,N/A,2,2,0.9,0.9,0.9,0.9,0.9,0.9,0.9,0.9,0.005,0.005,0.005,0.005,5.0,5.0,5.0,5.0,100.00,100.00,100.00,100.00,0.107508,0.048627,0.076486,0.042914,0.096296,0.038516,0.074300,0.032183,106.69,39.49,81.56,38.08,N/A,7,N/A,4,N/A,93,N/A,96,0.000102,0.000110,0.000102,0.000109,0.065911,0.028349,0.045737,0.024333,0.066013,0.028459,0.045839,0.024442,0.041495,0.020060,N/A,N/A,N/A,N/A,0.030647,0.018412,N/A,N/A,0.000962,0.000516,N/A,N/A,0.000042,0.000037,N/A,N/A,0.000214,0.000095,N/A,0.000109,N/A,0.000060,61.40,58.52,59.93,56.96,38.60,41.25,N/A,N/A,N/A,N/A,40.07,42.90,N/A,N/A,1.26,1.20,N/A,N/A,0.05,0.09,N/A,N/A,0.28,0.22,N/A,0.22,N/A,0.14
2020_00242,10,10,3,3,N/A,3,N/A,3,N/A,N/A,3,3,N/A,N/A,2,2,0.9,0.9,0.9,0.9,0.9,0.9,0.9,0.9,0.005,0.005,0.005,0.005,5.0,5.0,5.0,5.0,100.00,100.00,100.00,100.00,0.218459,0.088529,0.208551,0.090394,0.211670,0.084539,0.213575,0.081298,221.43,68.55,231.96,81.11,N/A,21,N/A,33,N/A,79,N/A,67,0.000099,0.000114,0.000101,0.000112,0.133386,0.051613,0.124164,0.051159,0.133485,0.051726,0.124266,0.051271,0.084974,0.035590,N/A,N/A,N/A,N/A,0.084286,0.037787,N/A,N/A,0.002633,0.001108,N/A,N/A,0.000040,0.000037,N/A,N/A,0.000591,0.000227,N/A,0.001213,N/A,0.001336,61.10,58.43,59.59,56.72,38.90,40.20,N/A,N/A,N/A,N/A,40.42,41.80,N/A,N/A,1.26,1.23,N/A,N/A,0.02,0.04,N/A,N/A,0.28,0.25,N/A,1.37,N/A,1.48
2020_00262,10,10,3,3,N/A,3,N/A,3,N/A,N/A,3,3,N/A,N/A,2,2,0.9,0.9,0.9,0.9,0.9,0.9,0.9,0.9,0.005,0.005,0.005,0.005,5.0,5.0,5.0,5.0,100.00,100.00,100.00,100.00,0.256491,0.105033,0.258261,0.105392,0.232751,0.092787,0.216213,0.088533,234.54,80.59,286.81,87.53,N/A,28,N/A,29,N/A,72,N/A,71,0.000110,0.000116,0.000102,0.000120,0.158673,0.062067,0.155005,0.060603,0.158784,0.062184,0.155108,0.060723,0.097707,0.041401,N/A,N/A,N/A,N/A,0.103154,0.043294,N/A,N/A,0.003259,0.001334,N/A,N/A,0.000043,0.000040,N/A,N/A,0.000727,0.000272,N/A,0.001449,N/A,0.001375,61.91,59.20,60.06,57.62,38.09,39.42,N/A,N/A,N/A,N/A,39.94,41.08,N/A,N/A,1.26,1.27,N/A,N/A,0.02,0.04,N/A,N/A,0.28,0.26,N/A,1.38,N/A,1.30
2020_00264,10,10,3,3,N/A,3,N/A,3,N/A,N/A,3,3,N/A,N/A,2,2,0.9,0.9,0.9,0.9,0.9,0.9,0.9,0.9,0.005,0.005,0.005,0.005,5.0,5.0,5.0,5.0,100.00,100.00,100.00,100.00,0.135000,0.061773,0.127737,0.072000,0.139266,0.048461,0.113142,0.051443,132.41,52.64,145.69,64.87,N/A,14,N/A,22,N/A,86,N/A,78,0.000106,0.000109,0.000098,0.000112,0.082542,0.036067,0.075981,0.040868,0.082649,0.036176,0.076079,0.040981,0.052351,0.025315,N/A,N/A,N/A,N/A,0.051658,0.030347,N/A,N/A,0.001661,0.000922,N/A,N/A,0.000043,0.000039,N/A,N/A,0.000364,0.000183,N/A,0.000283,N/A,0.000672,61.22,58.56,59.56,56.92,38.78,40.98,N/A,N/A,N/A,N/A,40.44,42.15,N/A,N/A,1.30,1.28,N/A,N/A,0.03,0.05,N/A,N/A,0.28,0.25,N/A,0.46,N/A,0.93
2020_00312,10,10,3,3,N/A,3,N/A,3,N/A,N/A,3,3,N/A,N/A,2,2,0.9,0.9,0.9,0.9,0.9,0.9,0.9,0.9,0.005,0.005,0.005,0.005,5.0,5.0,5.0,5.0,100.00,100.00,100.00,100.00,0.190381,0.071474,0.160597,0.067989,0.185531,0.088373,0.141418,0.073202,184.08,55.46,169.19,58.46,N/A,15,N/A,23,N/A,85,N/A,77,0.000094,0.000104,0.000094,0.000102,0.117206,0.042007,0.096353,0.038847,0.117301,0.042111,0.096447,0.038949,0.073081,0.028680,N/A,N/A,N/A,N/A,0.064150,0.028205,N/A,N/A,0.001943,0.000786,N/A,N/A,0.000040,0.000036,N/A,N/A,0.000430,0.000153,N/A,0.000683,N/A,0.000836,61.61,58.92,60.06,57.29,38.39,40.13,N/A,N/A,N/A,N/A,39.94,41.48,N/A,N/A,1.21,1.16,N/A,N/A,0.02,0.05,N/A,N/A,0.27,0.22,N/A,0.96,N/A,1.23
2020_00333,10,10,3,3,N/A,3,N/A,3,N/A,N/A,3,3,N/A,N/A,2,2,0.9,0.9,0.9,0.9,0.9,0.9,0.9,0.9,0.005,0.005,0.005,0.005,5.0,5.0,5.0,5.0,100.00,100.00,100.00,100.00,0.157825,0.076806,0.207572,0.079205,0.118430,0.071055,0.201585,0.084071,154.10,58.80,223.33,69.18,N/A,19,N/A,27,N/A,81,N/A,73,0.000093,0.000104,0.000093,0.000103,0.097472,0.045096,0.124351,0.045151,0.097565,0.045200,0.124445,0.045254,0.060260,0.030865,N/A,N/A,N/A,N/A,0.083127,0.032769,N/A,N/A,0.002549,0.000933,N/A,N/A,0.000045,0.000039,N/A,N/A,0.000572,0.000185,N/A,0.000740,N/A,0.001183,61.82,58.85,59.95,57.14,38.18,40.19,N/A,N/A,N/A,N/A,40.05,41.37,N/A,N/A,1.23,1.18,N/A,N/A,0.02,0.05,N/A,N/A,0.28,0.23,N/A,0.96,N/A,1.49
2020_00340,10,10,3,3,N/A,3,N/A,3,N/A,N/A,3,3,N/A,N/A,2,2,0.9,0.9,0.9,0.9,0.9,0.9,0.9,0.9,0.005,0.005,0.005,0.005,5.0,5.0,5.0,5.0,100.00,100.00,100.00,100.00,0.236325,0.085636,0.196999,0.081651,0.206920,0.074937,0.192658,0.076164,237.20,68.03,211.86,71.97,N/A,20,N/A,19,N/A,80,N/A,81,0.000097,0.000103,0.000095,0.000103,0.143992,0.050034,0.117383,0.046552,0.144090,0.050137,0.117478,0.046655,0.092235,0.034659,N/A,N/A,N/A,N/A,0.079522,0.034225,N/A,N/A,0.002388,0.000968,N/A,N/A,0.000042,0.000037,N/A,N/A,0.000535,0.000190,N/A,0.000839,N/A,0.000771,60.97,58.55,59.63,57.14,39.03,40.47,N/A,N/A,N/A,N/A,40.37,41.92,N/A,N/A,1.21,1.19,N/A,N/A,0.02,0.04,N/A,N/A,0.27,0.23,N/A,0.98,N/A,0.94
2020_00341,10,10,3,3,N/A,3,N/A,3,N/A,N/A,3,3,N/A,N/A,2,2,0.9,0.9,0.9,0.9,0.9,0.9,0.9,0.9,0.005,0.005,0.005,0.005,5.0,5.0,5.0,5.0,100.00,100.00,100.00,100.00,0.250387,0.118452,0.194145,0.077210,0.218888,0.100482,0.150665,0.074587,228.13,81.81,197.32,64.17,N/A,34,N/A,20,N/A,66,N/A,80,0.000091,0.000110,0.000095,0.000102,0.153696,0.069948,0.116796,0.044234,0.153787,0.070058,0.116891,0.044336,0.096600,0.046880,N/A,N/A,N/A,N/A,0.077255,0.032031,N/A,N/A,0.002218,0.000847,N/A,N/A,0.000041,0.000041,N/A,N/A,0.000493,0.000168,N/A,0.001513,N/A,0.000843,61.42,59.14,60.21,57.42,38.58,39.58,N/A,N/A,N/A,N/A,39.79,41.49,N/A,N/A,1.14,1.10,N/A,N/A,0.02,0.05,N/A,N/A,0.25,0.22,N/A,1.28,N/A,1.09
2020_00357,10,10,3,3,N/A,3,N/A,3,N/A,N/A,3,3,N/A,N/A,2,2,0.9,0.9,0.9,0.9,0.9,0.9,0.9,0.9,0.005,0.005,0.005,0.005,5.0,5.0,5.0,5.0,100.00,100.00,100.00,100.00,0.069080,0.033056,0.066388,0.029622,0.063404,0.031123,0.061711,0.030097,84.08,33.22,86.64,31.88,N/A,3,N/A,4,N/A,97,N/A,96,0.000120,0.000127,0.000115,0.000128,0.041542,0.018667,0.038728,0.016087,0.041662,0.018794,0.038843,0.016215,0.027418,0.014199,N/A,N/A,N/A,N/A,0.027546,0.013198,N/A,N/A,0.001011,0.000419,N/A,N/A,0.000041,0.000036,N/A,N/A,0.000221,0.000078,N/A,0.000063,N/A,0.000208,60.31,56.85,58.51,54.74,39.69,42.95,N/A,N/A,N/A,N/A,41.49,44.56,N/A,N/A,1.52,1.42,N/A,N/A,0.06,0.12,N/A,N/A,0.33,0.26,N/A,0.19,N/A,0.70
2020_00358,10,10,3,3,N/A,3,N/A,3,N/A,N/A,3,3,N/A,N/A,2,2,0.9,0.9,0.9,0.9,0.9,0.9,0.9,0.9,0.005,0.005,0.005,0.005,5.0,5.0,5.0,5.0,100.00,100.00,100.00,100.00,0.081469,0.037490,0.059648,0.026218,0.086708,0.032054,0.058820,0.026270,94.39,35.48,72.57,26.51,N/A,4,N/A,4,N/A,96,N/A,96,0.000110,0.000122,0.000111,0.000122,0.049247,0.021451,0.035024,0.014203,0.049357,0.021573,0.035135,0.014324,0.032112,0.015915,N/A,N/A,N/A,N/A,0.024513,0.011711,N/A,N/A,0.000859,0.000352,N/A,N/A,0.000042,0.000039,N/A,N/A,0.000194,0.000063,N/A,0.000002,N/A,0.000183,60.58,57.54,58.90,54.64,39.42,42.45,N/A,N/A,N/A,N/A,41.10,44.67,N/A,N/A,1.44,1.34,N/A,N/A,0.07,0.15,N/A,N/A,0.33,0.24,N/A,0.01,N/A,0.70
2020_00361,10,10,3,3,N/A,3,N/A,3,N/A,N/A,3,3,N/A,N/A,2,2,0.9,0.9,0.9,0.9,0.9,0.9,0.9,0.9,0.005,0.005,0.005,0.005,5.0,5.0,5.0,5.0,100.00,100.00,100.00,100.00,0.079798,0.039065,0.056946,0.024553,0.069659,0.033967,0.051937,0.017910,84.73,33.91,65.23,23.42,N/A,2,N/A,0,N/A,98,N/A,100,0.000103,0.000116,0.000106,0.000117,0.049053,0.022593,0.033974,0.013551,0.049156,0.022709,0.034080,0.013669,0.030642,0.016229,N/A,N/A,N/A,N/A,0.022866,0.010884,N/A,N/A,0.000761,0.000305,N/A,N/A,0.000042,0.000037,N/A,N/A,0.000167,0.000054,N/A,0.000127,N/A,0.000000,61.60,58.13,59.85,55.67,38.40,41.54,N/A,N/A,N/A,N/A,40.15,44.33,N/A,N/A,1.34,1.24,N/A,N/A,0.07,0.15,N/A,N/A,0.29,0.22,N/A,0.32,N/A,0.00
2020_00363,10,10,3,3,N/A,3,N/A,3,N/A,N/A,3,3,N/A,N/A,2,2,0.9,0.9,0.9,0.9,0.9,0.9,0.9,0.9,0.005,0.005,0.005,0.005,5.0,5.0,5.0,5.0,100.00,100.00,100.00,100.00,0.086600,0.044606,0.053717,0.027554,0.077129,0.035913,0.043868,0.026135,101.39,43.02,66.16,28.26,N/A,4,N/A,3,N/A,96,N/A,97,0.000114,0.000124,0.000116,0.000128,0.052318,0.025547,0.031488,0.014980,0.052432,0.025672,0.031604,0.015108,0.034168,0.018839,N/A,N/A,N/A,N/A,0.022114,0.012376,N/A,N/A,0.000785,0.000373,N/A,N/A,0.000041,0.000036,N/A,N/A,0.000171,0.000069,N/A,0.000095,N/A,0.000071,60.54,57.55,58.83,54.83,39.46,42.23,N/A,N/A,N/A,N/A,41.17,44.92,N/A,N/A,1.46,1.35,N/A,N/A,0.08,0.13,N/A,N/A,0.32,0.25,N/A,0.21,N/A,0.26
2020_00374,10,10,3,3,N/A,3,N/A,3,N/A,N/A,3,3,N/A,N/A,2,2,0.9,0.9,0.9,0.9,0.9,0.9,0.9,0.9,0.005,0.005,0.005,0.005,5.0,5.0,5.0,5.0,100.00,100.00,100.00,100.00,0.072627,0.043011,0.063227,0.027864,0.069287,0.037973,0.058459,0.028826,79.41,38.75,74.56,26.96,N/A,6,N/A,3,N/A,94,N/A,97,0.000112,0.000117,0.000111,0.000120,0.044033,0.024713,0.037203,0.015252,0.044144,0.024831,0.037314,0.015373,0.028483,0.017958,N/A,N/A,N/A,N/A,0.025913,0.012421,N/A,N/A,0.000860,0.000349,N/A,N/A,0.000044,0.000035,N/A,N/A,0.000187,0.000065,N/A,0.000223,N/A,0.000071,60.78,57.73,59.02,55.17,39.22,41.75,N/A,N/A,N/A,N/A,40.98,44.58,N/A,N/A,1.36,1.25,N/A,N/A,0.07,0.13,N/A,N/A,0.30,0.23,N/A,0.52,N/A,0.25
2020_00376,10,10,3,3,N/A,3,N/A,3,N/A,N/A,3,3,N/A,N/A,2,2,0.9,0.9,0.9,0.9,0.9,0.9,0.9,0.9,0.005,0.005,0.005,0.005,5.0,5.0,5.0,5.0,100.00,100.00,100.00,100.00,0.070635,0.033616,0.062643,0.026185,0.055381,0.032302,0.059851,0.023485,79.48,31.93,77.72,27.07,N/A,3,N/A,1,N/A,97,N/A,99,0.000115,0.000127,0.000116,0.000123,0.042748,0.018998,0.036713,0.014250,0.042864,0.019125,0.036829,0.014373,0.027771,0.014313,N/A,N/A,N/A,N/A,0.025815,0.011768,N/A,N/A,0.000895,0.000345,N/A,N/A,0.000041,0.000036,N/A,N/A,0.000197,0.000063,N/A,0.000179,N/A,0.000044,60.68,56.89,58.79,54.89,39.32,42.58,N/A,N/A,N/A,N/A,41.21,44.94,N/A,N/A,1.43,1.32,N/A,N/A,0.07,0.14,N/A,N/A,0.31,0.24,N/A,0.53,N/A,0.17
2020_00403,10,10,3,3,N/A,3,N/A,3,N/A,N/A,3,3,N/A,N/A,2,2,0.9,0.9,0.9,0.9,0.9,0.9,0.9,0.9,0.005,0.005,0.005,0.005,5.0,5.0,5.0,5.0,100.00,100.00,100.00,100.00,0.088603,0.043370,0.058432,0.032943,0.065185,0.041221,0.062714,0.030303,95.16,38.27,66.48,31.15,N/A,6,N/A,4,N/A,94,N/A,96,0.000105,0.000119,0.000108,0.000112,0.054353,0.025076,0.034875,0.018334,0.054457,0.025194,0.034983,0.018446,0.034146,0.017964,N/A,N/A,N/A,N/A,0.023448,0.014273,N/A,N/A,0.000779,0.000410,N/A,N/A,0.000041,0.000034,N/A,N/A,0.000173,0.000077,N/A,0.000212,N/A,0.000224,61.46,58.09,59.87,55.99,38.54,41.42,N/A,N/A,N/A,N/A,40.13,43.33,N/A,N/A,1.33,1.24,N/A,N/A,0.07,0.10,N/A,N/A,0.30,0.24,N/A,0.49,N/A,0.68
2020_00427,10,10,3,3,N/A,3,N/A,3,N/A,N/A,3,3,N/A,N/A,2,2,0.9,0.9,0.9,0.9,0.9,0.9,0.9,0.9,0.005,0.005,0.005,0.005,5.0,5.0,5.0,5.0,100.00,100.00,100.00,100.00,0.094319,0.046633,0.101922,0.045948,0.069812,0.032190,0.095686,0.039897,117.71,47.72,139.29,50.56,N/A,6,N/A,11,N/A,94,N/A,89,0.000116,0.000127,0.000113,0.000126,0.056644,0.026560,0.059103,0.025349,0.056760,0.026687,0.059216,0.025475,0.037560,0.019888,N/A,N/A,N/A,N/A,0.042705,0.020300,N/A,N/A,0.001597,0.000687,N/A,N/A,0.000043,0.000036,N/A,N/A,0.000342,0.000131,N/A,0.000059,N/A,0.000172,60.18,57.23,58.10,55.44,39.82,42.65,N/A,N/A,N/A,N/A,41.90,44.18,N/A,N/A,1.57,1.50,N/A,N/A,0.04,0.08,N/A,N/A,0.34,0.29,N/A,0.13,N/A,0.37
2020_00429,10,10,3,3,N/A,3,N/A,3,N/A,N/A,3,3,N/A,N/A,2,2,0.9,0.9,0.9,0.9,0.9,0.9,0.9,0.9,0.005,0.005,0.005,0.005,5.0,5.0,5.0,5.0,100.00,100.00,100.00,100.00,0.098622,0.045677,0.121823,0.041791,0.108873,0.033006,0.102479,0.041869,116.35,43.99,155.41,43.67,N/A,5,N/A,9,N/A,95,N/A,91,0.000113,0.000125,0.000117,0.000123,0.059633,0.026264,0.071370,0.023061,0.059746,0.026388,0.071486,0.023184,0.038876,0.019279,N/A,N/A,N/A,N/A,0.050337,0.018408,N/A,N/A,0.001802,0.000581,N/A,N/A,0.000042,0.000041,N/A,N/A,0.000380,0.000108,N/A,0.000011,N/A,0.000199,60.58,57.77,58.68,55.48,39.42,42.21,N/A,N/A,N/A,N/A,41.32,44.05,N/A,N/A,1.48,1.39,N/A,N/A,0.03,0.10,N/A,N/A,0.31,0.26,N/A,0.02,N/A,0.48
2020_00439,10,10,3,3,N/A,3,N/A,3,N/A,N/A,3,3,N/A,N/A,2,2,0.9,0.9,0.9,0.9,0.9,0.9,0.9,0.9,0.005,0.005,0.005,0.005,5.0,5.0,5.0,5.0,100.00,100.00,100.00,100.00,0.215669,0.084912,0.167296,0.073426,0.199779,0.077527,0.122558,0.057991,220.89,68.47,183.99,65.59,N/A,25,N/A,21,N/A,75,N/A,79,0.000101,0.000113,0.000100,0.000109,0.131119,0.049254,0.099398,0.041797,0.131220,0.049367,0.099498,0.041906,0.084450,0.034290,N/A,N/A,N/A,N/A,0.067798,0.030923,N/A,N/A,0.002094,0.000897,N/A,N/A,0.000046,0.000036,N/A,N/A,0.000457,0.000175,N/A,0.001255,N/A,0.000598,60.84,58.14,59.47,57.07,39.16,40.38,N/A,N/A,N/A,N/A,40.53,42.11,N/A,N/A,1.25,1.22,N/A,N/A,0.03,0.05,N/A,N/A,0.27,0.24,N/A,1.48,N/A,0.81
2020_00454,10,10,3,3,N/A,3,N/A,3,N/A,N/A,3,3,N/A,N/A,2,2,0.9,0.9,0.9,0.9,0.9,0.9,0.9,0.9,0.005,0.005,0.005,0.005,5.0,5.0,5.0,5.0,100.00,100.00,100.00,100.00,0.106030,0.043133,0.077143,0.034335,0.103203,0.038759,0.064412,0.030099,104.31,38.91,91.20,33.73,N/A,6,N/A,4,N/A,94,N/A,96,0.000126,0.000124,0.000113,0.000125,0.064346,0.024638,0.045252,0.018929,0.064471,0.024762,0.045365,0.019054,0.041558,0.018188,N/A,N/A,N/A,N/A,0.031778,0.015168,N/A,N/A,0.001074,0.000452,N/A,N/A,0.000042,0.000037,N/A,N/A,0.000244,0.000089,N/A,0.000183,N/A,0.000112,60.80,57.41,58.81,55.49,39.19,42.17,N/A,N/A,N/A,N/A,41.19,44.18,N/A,N/A,1.39,1.32,N/A,N/A,0.05,0.11,N/A,N/A,0.32,0.26,N/A,0.42,N/A,0.33
2020_00466,10,10,3,3,N/A,3,N/A,3,N/A,N/A,3,3,N/A,N/A,2,2,0.9,0.9,0.9,0.9,0.9,0.9,0.9,0.9,0.005,0.005,0.005,0.005,5.0,5.0,5.0,5.0,100.00,100.00,100.00,100.00,0.195504,0.076827,0.158964,0.076073,0.170702,0.063962,0.135239,0.079113,211.35,69.54,195.33,74.98,N/A,28,N/A,26,N/A,72,N/A,74,0.000113,0.000118,0.000106,0.000119,0.118728,0.044236,0.093689,0.042570,0.118841,0.044353,0.093795,0.042688,0.076663,0.031171,N/A,N/A,N/A,N/A,0.065169,0.032322,N/A,N/A,0.002216,0.001018,N/A,N/A,0.000040,0.000035,N/A,N/A,0.000482,0.000199,N/A,0.001302,N/A,0.001062,60.79,57.73,59.00,56.12,39.21,40.57,N/A,N/A,N/A,N/A,41.00,42.49,N/A,N/A,1.39,1.34,N/A,N/A,0.03,0.05,N/A,N/A,0.30,0.26,N/A,1.70,N/A,1.40
2020_00472,10,10,3,3,N/A,3,N/A,3,N/A,N/A,3,3,N/A,N/A,2,2,0.9,0.9,0.9,0.9,0.9,0.9,0.9,0.9,0.005,0.005,0.005,0.005,5.0,5.0,5.0,5.0,100.00,100.00,100.00,100.00,0.120744,0.049562,0.127663,0.048088,0.120593,0.047344,0.129278,0.047704,119.64,41.85,138.65,45.45,N/A,5,N/A,9,N/A,95,N/A,91,0.000105,0.000110,0.000106,0.000112,0.074278,0.028865,0.076311,0.027197,0.074384,0.028975,0.076417,0.027309,0.046360,0.020356,N/A,N/A,N/A,N/A,0.051246,0.020486,N/A,N/A,0.001692,0.000599,N/A,N/A,0.000049,0.000040,N/A,N/A,0.000367,0.000109,N/A,0.000231,N/A,0.000293,61.60,58.46,59.86,56.79,38.40,41.07,N/A,N/A,N/A,N/A,40.14,42.60,N/A,N/A,1.33,1.25,N/A,N/A,0.04,0.08,N/A,N/A,0.29,0.23,N/A,0.47,N/A,0.61
2020_00483,10,10,3,3,N/A,3,N/A,3,N/A,N/A,3,3,N/A,N/A,2,2,0.9,0.9,0.9,0.9,0.9,0.9,0.9,0.9,0.005,0.005,0.005,0.005,5.0,5.0,5.0,5.0,100.00,100.00,100.00,100.00,0.074228,0.036345,0.056847,0.026345,0.057100,0.036006,0.049956,0.022166,87.15,34.96,70.71,27.07,N/A,5,N/A,0,N/A,95,N/A,100,0.000113,0.000123,0.000114,0.000124,0.044844,0.020563,0.033348,0.014365,0.044958,0.020686,0.033462,0.014489,0.029271,0.015482,N/A,N/A,N/A,N/A,0.023385,0.011856,N/A,N/A,0.000829,0.000354,N/A,N/A,0.000040,0.000037,N/A,N/A,0.000180,0.000065,N/A,0.000177,N/A,0.000000,60.57,56.92,58.86,55.00,39.43,42.60,N/A,N/A,N/A,N/A,41.14,45.00,N/A,N/A,1.46,1.34,N/A,N/A,0.07,0.14,N/A,N/A,0.32,0.25,N/A,0.49,N/A,0.00
2020_00490,10,10,3,3,N/A,3,N/A,3,N/A,N/A,3,3,N/A,N/A,2,2,0.9,0.9,0.9,0.9,0.9,0.9,0.9,0.9,0.005,0.005,0.005,0.005,5.0,5.0,5.0,5.0,100.00,100.00,100.00,100.00,0.162242,0.072894,0.150853,0.056497,0.146171,0.057335,0.135462,0.041967,161.29,59.32,165.30,50.25,N/A,16,N/A,10,N/A,84,N/A,90,0.000098,0.000108,0.000099,0.000110,0.098662,0.042473,0.089429,0.031950,0.098760,0.042580,0.089528,0.032059,0.063482,0.029767,N/A,N/A,N/A,N/A,0.061325,0.024219,N/A,N/A,0.001848,0.000669,N/A,N/A,0.000041,0.000040,N/A,N/A,0.000407,0.000125,N/A,0.000546,N/A,0.000219,60.87,58.41,59.35,56.75,39.13,40.84,N/A,N/A,N/A,N/A,40.65,42.87,N/A,N/A,1.22,1.18,N/A,N/A,0.03,0.07,N/A,N/A,0.27,0.22,N/A,0.75,N/A,0.39
2020_00491,10,10,3,3,N/A,3,N/A,3,N/A,N/A,3,3,N/A,N/A,2,2,0.9,0.9,0.9,0.9,0.9,0.9,0.9,0.9,0.005,0.005,0.005,0.005,5.0,5.0,5.0,5.0,100.00,100.00,100.00,100.00,0.146883,0.062752,0.133754,0.067720,0.141686,0.051082,0.111818,0.060614,154.31,53.27,149.90,62.35,N/A,10,N/A,18,N/A,90,N/A,82,0.000103,0.000115,0.000103,0.000110,0.089423,0.036685,0.079493,0.038435,0.089526,0.036800,0.079596,0.038546,0.057356,0.025778,N/A,N/A,N/A,N/A,0.054159,0.028658,N/A,N/A,0.001724,0.000841,N/A,N/A,0.000042,0.000041,N/A,N/A,0.000380,0.000163,N/A,0.000174,N/A,0.000517,60.95,58.64,59.51,56.92,39.05,41.08,N/A,N/A,N/A,N/A,40.49,42.32,N/A,N/A,1.29,1.24,N/A,N/A,0.03,0.06,N/A,N/A,0.28,0.24,N/A,0.28,N/A,0.76
2020_00493,10,10,3,3,N/A,3,N/A,3,N/A,N/A,3,3,N/A,N/A,2,2,0.9,0.9,0.9,0.9,0.9,0.9,0.9,0.9,0.005,0.005,0.005,0.005,5.0,5.0,5.0,5.0,100.00,100.00,100.00,100.00,0.084549,0.041030,0.098101,0.035093,0.069018,0.029255,0.080046,0.030145,94.05,37.69,118.65,34.73,N/A,1,N/A,4,N/A,99,N/A,96,0.000106,0.000118,0.000110,0.000117,0.050742,0.023270,0.057220,0.019303,0.050848,0.023388,0.057331,0.019420,0.033700,0.017607,N/A,N/A,N/A,N/A,0.040771,0.015563,N/A,N/A,0.001355,0.000455,N/A,N/A,0.000043,0.000039,N/A,N/A,0.000299,0.000085,N/A,0.000035,N/A,0.000111,60.14,57.00,58.44,55.34,39.86,42.91,N/A,N/A,N/A,N/A,41.56,44.35,N/A,N/A,1.38,1.30,N/A,N/A,0.04,0.11,N/A,N/A,0.31,0.24,N/A,0.09,N/A,0.32
2020_00495,10,10,3,3,N/A,3,N/A,3,N/A,N/A,3,3,N/A,N/A,2,2,0.9,0.9,0.9,0.9,0.9,0.9,0.9,0.9,0.005,0.005,0.005,0.005,5.0,5.0,5.0,5.0,100.00,100.00,100.00,100.00,0.092208,0.044160,0.100883,0.048519,0.085892,0.035060,0.089253,0.044218,102.66,40.48,121.82,47.58,N/A,3,N/A,11,N/A,97,N/A,89,0.000107,0.000118,0.000104,0.000115,0.055397,0.025070,0.058840,0.026970,0.055504,0.025188,0.058944,0.027084,0.036705,0.018858,N/A,N/A,N/A,N/A,0.041938,0.021203,N/A,N/A,0.001399,0.000639,N/A,N/A,0.000042,0.000036,N/A,N/A,0.000306,0.000126,N/A,0.000115,N/A,0.000231,60.19,57.04,58.43,55.82,39.81,42.70,N/A,N/A,N/A,N/A,41.57,43.70,N/A,N/A,1.39,1.32,N/A,N/A,0.04,0.07,N/A,N/A,0.30,0.26,N/A,0.26,N/A,0.48
2020_00504,10,10,3,3,N/A,3,N/A,3,N/A,N/A,3,3,N/A,N/A,2,2,0.9,0.9,0.9,0.9,0.9,0.9,0.9,0.9,0.005,0.005,0.005,0.005,5.0,5.0,5.0,5.0,100.00,100.00,100.00,100.00,0.114893,0.052362,0.092638,0.041603,0.110557,0.049855,0.087419,0.039738,117.33,43.31,101.74,37.75,N/A,10,N/A,5,N/A,90,N/A,95,0.000104,0.000116,0.000103,0.000114,0.069317,0.029978,0.054569,0.023194,0.069421,0.030093,0.054672,0.023308,0.045472,0.021813,N/A,N/A,N/A,N/A,0.037966,0.018165,N/A,N/A,0.001159,0.000492,N/A,N/A,0.000043,0.000035,N/A,N/A,0.000258,0.000093,N/A,0.000456,N/A,0.000130,60.42,57.47,59.02,56.03,39.58,41.66,N/A,N/A,N/A,N/A,40.98,43.66,N/A,N/A,1.25,1.18,N/A,N/A,0.05,0.09,N/A,N/A,0.28,0.22,N/A,0.87,N/A,0.31
2020_00524,10,10,3,3,N/A,3,N/A,3,N/A,N/A,3,3,N/A,N/A,2,2,0.9,0.9,0.9,0.9,0.9,0.9,0.9,0.9,0.005,0.005,0.005,0.005,5.0,5.0,5.0,5.0,100.00,100.00,100.00,100.00,0.081233,0.050746,0.081399,0.043496,0.067450,0.039247,0.057476,0.037355,83.29,42.90,80.17,34.83,N/A,6,N/A,4,N/A,94,N/A,96,0.000103,0.000115,0.000118,0.000126,0.049892,0.029607,0.048770,0.024710,0.049995,0.029723,0.048888,0.024836,0.031238,0.020829,N/A,N/A,N/A,N/A,0.032513,0.018565,N/A,N/A,0.001064,0.000546,N/A,N/A,0.000048,0.000046,N/A,N/A,0.000232,0.000103,N/A,0.000195,N/A,0.000095,61.54,58.57,60.06,57.10,38.46,41.04,N/A,N/A,N/A,N/A,39.94,42.68,N/A,N/A,1.31,1.26,N/A,N/A,0.06,0.11,N/A,N/A,0.29,0.24,N/A,0.38,N/A,0.22
2020_00570,10,10,3,3,N/A,3,N/A,3,N/A,N/A,3,3,N/A,N/A,2,2,0.9,0.9,0.9,0.9,0.9,0.9,0.9,0.9,0.005,0.005,0.005,0.005,5.0,5.0,5.0,5.0,100.00,100.00,100.00,100.00,0.135890,0.066064,0.095015,0.044688,0.111870,0.053006,0.084312,0.033980,109.60,46.40,97.30,36.96,N/A,12,N/A,3,N/A,88,N/A,97,0.000109,0.000108,0.000094,0.000106,0.083926,0.038957,0.056890,0.025451,0.084034,0.039065,0.056984,0.025557,0.051856,0.026698,N/A,N/A,N/A,N/A,0.038031,0.019095,N/A,N/A,0.001154,0.000520,N/A,N/A,0.000044,0.000045,N/A,N/A,0.000259,0.000092,N/A,0.000301,N/A,0.000037,61.84,59.13,59.97,57.19,38.16,40.41,N/A,N/A,N/A,N/A,40.03,42.73,N/A,N/A,1.21,1.16,N/A,N/A,0.05,0.10,N/A,N/A,0.27,0.21,N/A,0.46,N/A,0.08
2020_00574,10,10,3,3,N/A,3,N/A,3,N/A,N/A,3,3,N/A,N/A,2,2,0.9,0.9,0.9,0.9,0.9,0.9,0.9,0.9,0.005,0.005,0.005,0.005,5.0,5.0,5.0,5.0,100.00,100.00,100.00,100.00,0.105175,0.046238,0.096780,0.040149,0.089844,0.034984,0.092697,0.040540,92.59,36.03,98.23,34.80,N/A,3,N/A,7,N/A,97,N/A,93,0.000100,0.000101,0.000091,0.000097,0.064593,0.026894,0.057838,0.022562,0.064693,0.026995,0.057929,0.022659,0.040482,0.019185,N/A,N/A,N/A,N/A,0.038851,0.017233,N/A,N/A,0.001176,0.000458,N/A,N/A,0.000046,0.000042,N/A,N/A,0.000251,0.000083,N/A,0.000059,N/A,0.000257,61.51,58.38,59.86,56.44,38.49,41.49,N/A,N/A,N/A,N/A,40.14,42.92,N/A,N/A,1.22,1.14,N/A,N/A,0.05,0.10,N/A,N/A,0.26,0.21,N/A,0.13,N/A,0.64
2020_00599,10,10,3,3,N/A,3,N/A,3,N/A,N/A,3,3,N/A,N/A,2,2,0.9,0.9,0.9,0.9,0.9,0.9,0.9,0.9,0.005,0.005,0.005,0.005,5.0,5.0,5.0,5.0,100.00,100.00,100.00,100.00,0.183166,0.066939,0.134393,0.047156,0.156917,0.061314,0.138094,0.042605,198.07,56.06,156.17,44.08,N/A,16,N/A,10,N/A,84,N/A,90,0.000103,0.000114,0.000103,0.000116,0.110738,0.038688,0.079069,0.026341,0.110841,0.038802,0.079172,0.026457,0.072325,0.027778,N/A,N/A,N/A,N/A,0.055222,0.020533,N/A,N/A,0.001801,0.000595,N/A,N/A,0.000049,0.000039,N/A,N/A,0.000391,0.000111,N/A,0.000358,N/A,0.000166,60.51,57.97,58.91,56.11,39.49,41.50,N/A,N/A,N/A,N/A,41.09,43.54,N/A,N/A,1.34,1.26,N/A,N/A,0.04,0.08,N/A,N/A,0.29,0.24,N/A,0.53,N/A,0.35
2020_00616,10,10,3,3,N/A,3,N/A,3,N/A,N/A,3,3,N/A,N/A,2,2,0.9,0.9,0.9,0.9,0.9,0.9,0.9,0.9,0.005,0.005,0.005,0.005,5.0,5.0,5.0,5.0,100.00,100.00,100.00,100.00,0.101497,0.038926,0.066201,0.031469,0.089602,0.029525,0.065396,0.026728,101.74,34.37,78.12,30.67,N/A,3,N/A,2,N/A,97,N/A,98,0.000112,0.000114,0.000105,0.000114,0.062317,0.022445,0.039414,0.017500,0.062430,0.022559,0.039519,0.017614,0.039068,0.016275,N/A,N/A,N/A,N/A,0.026682,0.013787,N/A,N/A,0.000908,0.000402,N/A,N/A,0.000047,0.000043,N/A,N/A,0.000196,0.000070,N/A,0.000093,N/A,0.000069,61.51,57.95,59.70,55.97,38.49,41.81,N/A,N/A,N/A,N/A,40.30,43.81,N/A,N/A,1.37,1.28,N/A,N/A,0.07,0.14,N/A,N/A,0.30,0.22,N/A,0.24,N/A,0.22
2020_00619,10,10,3,3,N/A,3,N/A,3,N/A,N/A,3,3,N/A,N/A,2,2,0.9,0.9,0.9,0.9,0.9,0.9,0.9,0.9,0.005,0.005,0.005,0.005,5.0,5.0,5.0,5.0,100.00,100.00,100.00,100.00,0.090827,0.042580,0.073750,0.026998,0.104890,0.037239,0.072583,0.022172,97.99,36.75,85.03,25.83,N/A,5,N/A,0,N/A,95,N/A,100,0.000098,0.000110,0.000102,0.000111,0.055374,0.024660,0.043821,0.014905,0.055472,0.024770,0.043923,0.015017,0.035354,0.017766,N/A,N/A,N/A,N/A,0.029827,0.011981,N/A,N/A,0.000988,0.000332,N/A,N/A,0.000046,0.000042,N/A,N/A,0.000218,0.000057,N/A,0.000043,N/A,0.000000,61.07,58.17,59.56,55.62,38.93,41.73,N/A,N/A,N/A,N/A,40.44,44.38,N/A,N/A,1.34,1.23,N/A,N/A,0.06,0.16,N/A,N/A,0.30,0.21,N/A,0.10,N/A,0.00
2020_00625,10,10,3,3,N/A,3,N/A,3,N/A,N/A,3,3,N/A,N/A,2,2,0.9,0.9,0.9,0.9,0.9,0.9,0.9,0.9,0.005,0.005,0.005,0.005,5.0,5.0,5.0,5.0,100.00,100.00,100.00,100.00,0.087121,0.040711,0.077498,0.042539,0.070942,0.032053,0.059056,0.035979,92.70,34.92,88.98,40.41,N/A,1,N/A,8,N/A,99,N/A,92,0.000102,0.000113,0.000103,0.000111,0.053566,0.023559,0.046294,0.023995,0.053668,0.023672,0.046397,0.024106,0.033453,0.017039,N/A,N/A,N/A,N/A,0.031101,0.018271,N/A,N/A,0.001035,0.000540,N/A,N/A,0.000043,0.000040,N/A,N/A,0.000226,0.000102,N/A,0.000000,N/A,0.000162,61.60,58.15,59.87,56.67,38.40,41.85,N/A,N/A,N/A,N/A,40.13,42.95,N/A,N/A,1.34,1.27,N/A,N/A,0.06,0.09,N/A,N/A,0.29,0.24,N/A,0.00,N/A,0.38
2020_00665,10,10,3,3,N/A,3,N/A,3,N/A,N/A,3,3,N/A,N/A,2,2,0.9,0.9,0.9,0.9,0.9,0.9,0.9,0.9,0.005,0.005,0.005,0.005,5.0,5.0,5.0,5.0,100.00,100.00,100.00,100.00,0.134126,0.072190,0.188016,0.086087,0.119007,0.061805,0.167471,0.072012,141.75,60.98,218.02,80.91,N/A,17,N/A,24,N/A,83,N/A,76,0.000100,0.000111,0.000098,0.000108,0.081910,0.041996,0.111671,0.048793,0.082010,0.042107,0.111769,0.048901,0.052116,0.029446,N/A,N/A,N/A,N/A,0.076248,0.036262,N/A,N/A,0.002461,0.001099,N/A,N/A,0.000040,0.000039,N/A,N/A,0.000540,0.000223,N/A,0.000638,N/A,0.000924,61.14,58.33,59.45,56.80,38.86,40.79,N/A,N/A,N/A,N/A,40.55,42.12,N/A,N/A,1.31,1.28,N/A,N/A,0.02,0.05,N/A,N/A,0.29,0.26,N/A,0.88,N/A,1.07
2020_00684,10,10,3,3,N/A,3,N/A,3,N/A,N/A,3,3,N/A,N/A,2,2,0.9,0.9,0.9,0.9,0.9,0.9,0.9,0.9,0.005,0.005,0.005,0.005,5.0,5.0,5.0,5.0,100.00,100.00,100.00,100.00,0.102448,0.057695,0.108261,0.045316,0.095398,0.047628,0.111880,0.043904,108.97,49.95,124.59,42.29,N/A,14,N/A,7,N/A,86,N/A,93,0.000100,0.000110,0.000100,0.000110,0.062657,0.033583,0.064540,0.025555,0.062757,0.033693,0.064639,0.025665,0.039691,0.023621,N/A,N/A,N/A,N/A,0.043622,0.019314,N/A,N/A,0.001416,0.000563,N/A,N/A,0.000043,0.000044,N/A,N/A,0.000304,0.000104,N/A,0.000381,N/A,0.000336,61.26,58.40,59.71,56.64,38.74,40.94,N/A,N/A,N/A,N/A,40.29,42.62,N/A,N/A,1.31,1.24,N/A,N/A,0.04,0.10,N/A,N/A,0.28,0.23,N/A,0.66,N/A,0.74
2020_00694,10,10,3,3,N/A,3,N/A,3,N/A,N/A,3,3,N/A,N/A,2,2,0.9,0.9,0.9,0.9,0.9,0.9,0.9,0.9,0.005,0.005,0.005,0.005,5.0,5.0,5.0,5.0,100.00,100.00,100.00,100.00,0.075079,0.035750,0.037107,0.018243,0.066265,0.037290,0.032267,0.017668,78.24,30.98,41.50,16.43,N/A,2,N/A,0,N/A,98,N/A,100,0.000102,0.000108,0.000100,0.000109,0.045905,0.020512,0.022063,0.009756,0.046007,0.020620,0.022164,0.009865,0.029073,0.014992,N/A,N/A,N/A,N/A,0.014943,0.008379,N/A,N/A,0.000481,0.000217,N/A,N/A,0.000040,0.000036,N/A,N/A,0.000101,0.000037,N/A,0.000138,N/A,0.000000,61.28,57.68,59.73,54.07,38.72,41.94,N/A,N/A,N/A,N/A,40.27,45.93,N/A,N/A,1.30,1.19,N/A,N/A,0.11,0.20,N/A,N/A,0.27,0.20,N/A,0.39,N/A,0.00
2020_00696,10,10,3,3,N/A,3,N/A,3,N/A,N/A,3,3,N/A,N/A,2,2,0.9,0.9,0.9,0.9,0.9,0.9,0.9,0.9,0.005,0.005,0.005,0.005,5.0,5.0,5.0,5.0,100.00,100.00,100.00,100.00,0.127463,0.053144,0.102127,0.044792,0.119246,0.046754,0.100210,0.040760,130.02,44.32,112.16,39.49,N/A,7,N/A,7,N/A,93,N/A,93,0.000098,0.000107,0.000098,0.000109,0.078507,0.031050,0.061321,0.025490,0.078605,0.031157,0.061418,0.025599,0.048858,0.021667,N/A,N/A,N/A,N/A,0.040708,0.018947,N/A,N/A,0.001289,0.000537,N/A,N/A,0.000046,0.000040,N/A,N/A,0.000284,0.000098,N/A,0.000320,N/A,0.000245,61.67,58.63,60.14,57.15,38.33,40.77,N/A,N/A,N/A,N/A,39.86,42.30,N/A,N/A,1.26,1.20,N/A,N/A,0.05,0.09,N/A,N/A,0.28,0.22,N/A,0.60,N/A,0.55
2020_00698,10,10,3,3,N/A,3,N/A,3,N/A,N/A,3,3,N/A,N/A,2,2,0.9,0.9,0.9,0.9,0.9,0.9,0.9,0.9,0.005,0.005,0.005,0.005,5.0,5.0,5.0,5.0,100.00,100.00,100.00,100.00,0.080948,0.050126,0.062077,0.029687,0.061530,0.035810,0.054395,0.021763,85.41,43.89,71.06,27.97,N/A,5,N/A,0,N/A,95,N/A,100,0.000102,0.000112,0.000101,0.000113,0.049384,0.029029,0.036865,0.016440,0.049485,0.029141,0.036966,0.016553,0.031463,0.020846,N/A,N/A,N/A,N/A,0.025111,0.013135,N/A,N/A,0.000818,0.000363,N/A,N/A,0.000041,0.000036,N/A,N/A,0.000181,0.000067,N/A,0.000139,N/A,0.000000,61.13,58.14,59.55,55.76,38.87,41.59,N/A,N/A,N/A,N/A,40.45,44.24,N/A,N/A,1.32,1.22,N/A,N/A,0.07,0.12,N/A,N/A,0.29,0.23,N/A,0.28,N/A,0.00
2020_00708,10,10,3,3,N/A,3,N/A,3,N/A,N/A,3,3,N/A,N/A,2,2,0.9,0.9,0.9,0.9,0.9,0.9,0.9,0.9,0.005,0.005,0.005,0.005,5.0,5.0,5.0,5.0,100.00,100.00,100.00,100.00,0.100258,0.049684,0.071661,0.036270,0.097047,0.044957,0.062538,0.029639,104.31,42.38,80.34,33.52,N/A,8,N/A,4,N/A,92,N/A,96,0.000101,0.000109,0.000102,0.000109,0.061165,0.028674,0.042619,0.020277,0.061265,0.028783,0.042721,0.020386,0.038994,0.020615,N/A,N/A,N/A,N/A,0.028941,0.015759,N/A,N/A,0.000917,0.000440,N/A,N/A,0.000047,0.000040,N/A,N/A,0.000199,0.000081,N/A,0.000287,N/A,0.000125,61.11,57.93,59.62,56.21,38.89,41.49,N/A,N/A,N/A,N/A,40.39,43.45,N/A,N/A,1.28,1.21,N/A,N/A,0.06,0.11,N/A,N/A,0.28,0.22,N/A,0.58,N/A,0.34
2020_00712,10,10,3,3,N/A,3,N/A,3,N/A,N/A,3,3,N/A,N/A,2,2,0.9,0.9,0.9,0.9,0.9,0.9,0.9,0.9,0.005,0.005,0.005,0.005,5.0,5.0,5.0,5.0,100.00,100.00,100.00,100.00,0.102914,0.050581,0.080260,0.033021,0.096431,0.041392,0.075707,0.032922,112.72,45.37,94.51,30.36,N/A,9,N/A,1,N/A,91,N/A,99,0.000106,0.000113,0.000105,0.000121,0.062725,0.029182,0.047647,0.018351,0.062830,0.029295,0.047752,0.018471,0.040084,0.021058,N/A,N/A,N/A,N/A,0.032508,0.014492,N/A,N/A,0.001091,0.000424,N/A,N/A,0.000046,0.000040,N/A,N/A,0.000231,0.000076,N/A,0.000229,N/A,0.000059,61.05,57.92,59.50,55.94,38.95,41.63,N/A,N/A,N/A,N/A,40.50,43.89,N/A,N/A,1.36,1.28,N/A,N/A,0.06,0.12,N/A,N/A,0.29,0.23,N/A,0.45,N/A,0.18
2020_00719,10,10,3,3,N/A,3,N/A,3,N/A,N/A,3,3,N/A,N/A,2,2,0.9,0.9,0.9,0.9,0.9,0.9,0.9,0.9,0.005,0.005,0.005,0.005,5.0,5.0,5.0,5.0,100.00,100.00,100.00,100.00,0.117530,0.044724,0.055430,0.021221,0.106131,0.039143,0.059272,0.018441,109.40,39.01,62.87,19.82,N/A,6,N/A,1,N/A,94,N/A,99,0.000123,0.000115,0.000111,0.000115,0.071999,0.025943,0.032846,0.011425,0.072122,0.026057,0.032957,0.011540,0.045408,0.018612,N/A,N/A,N/A,N/A,0.022473,0.009614,N/A,N/A,0.000748,0.000260,N/A,N/A,0.000041,0.000039,N/A,N/A,0.000166,0.000045,N/A,0.000055,N/A,0.000067,61.37,58.26,59.46,54.38,38.63,41.62,N/A,N/A,N/A,N/A,40.54,45.30,N/A,N/A,1.35,1.22,N/A,N/A,0.07,0.18,N/A,N/A,0.30,0.21,N/A,0.12,N/A,0.32
2020_00726,10,10,3,3,N/A,3,N/A,3,N/A,N/A,3,3,N/A,N/A,2,2,0.9,0.9,0.9,0.9,0.9,0.9,0.9,0.9,0.005,0.005,0.005,0.005,5.0,5.0,5.0,5.0,100.00,100.00,100.00,100.00,0.094682,0.045559,0.050577,0.024178,0.076968,0.041494,0.042031,0.017668,94.30,34.48,54.27,22.63,N/A,4,N/A,0,N/A,96,N/A,100,0.000103,0.000122,0.000105,0.000111,0.057843,0.026379,0.030000,0.013259,0.057946,0.026501,0.030104,0.013370,0.036736,0.019004,N/A,N/A,N/A,N/A,0.020473,0.010807,N/A,N/A,0.000662,0.000290,N/A,N/A,0.000047,0.000040,N/A,N/A,0.000143,0.000050,N/A,0.000054,N/A,0.000000,61.20,58.17,59.52,55.30,38.80,41.71,N/A,N/A,N/A,N/A,40.48,44.70,N/A,N/A,1.31,1.20,N/A,N/A,0.09,0.17,N/A,N/A,0.28,0.21,N/A,0.12,N/A,0.00
2020_00728,10,10,3,3,N/A,3,N/A,3,N/A,N/A,3,3,N/A,N/A,2,2,0.9,0.9,0.9,0.9,0.9,0.9,0.9,0.9,0.005,0.005,0.005,0.005,5.0,5.0,5.0,5.0,100.00,100.00,100.00,100.00,0.166876,0.078300,0.066269,0.030629,0.466773,0.054675,0.053143,0.025726,179.19,61.21,73.30,28.31,N/A,16,N/A,1,N/A,84,N/A,99,0.000097,0.000116,0.000098,0.000105,0.097546,0.046007,0.039558,0.017095,0.097643,0.046123,0.039657,0.017199,0.069232,0.031731,N/A,N/A,N/A,N/A,0.026612,0.013410,N/A,N/A,0.000910,0.000371,N/A,N/A,0.000041,0.000036,N/A,N/A,0.000183,0.000064,N/A,0.000446,N/A,0.000020,58.51,58.91,59.84,56.15,41.49,40.53,N/A,N/A,N/A,N/A,40.16,43.78,N/A,N/A,1.37,1.21,N/A,N/A,0.06,0.12,N/A,N/A,0.28,0.21,N/A,0.57,N/A,0.06
2020_00729,10,10,3,3,N/A,3,N/A,3,N/A,N/A,3,3,N/A,N/A,2,2,0.9,0.9,0.9,0.9,0.9,0.9,0.9,0.9,0.005,0.005,0.005,0.005,5.0,5.0,5.0,5.0,100.00,100.00,100.00,100.00,0.129517,0.057682,0.074751,0.039239,0.094634,0.045730,0.070793,0.039629,128.77,46.83,79.76,34.44,N/A,9,N/A,8,N/A,91,N/A,92,0.000095,0.000104,0.000098,0.000104,0.079431,0.033644,0.044690,0.021944,0.079526,0.033748,0.044788,0.022048,0.049991,0.023558,N/A,N/A,N/A,N/A,0.029962,0.016779,N/A,N/A,0.000921,0.000450,N/A,N/A,0.000043,0.000039,N/A,N/A,0.000205,0.000082,N/A,0.000376,N/A,0.000412,61.40,58.51,59.92,56.19,38.60,40.84,N/A,N/A,N/A,N/A,40.08,42.76,N/A,N/A,1.23,1.15,N/A,N/A,0.06,0.10,N/A,N/A,0.27,0.21,N/A,0.65,N/A,1.05
2020_00735,10,10,3,3,N/A,3,N/A,3,N/A,N/A,3,3,N/A,N/A,2,2,0.9,0.9,0.9,0.9,0.9,0.9,0.9,0.9,0.005,0.005,0.005,0.005,5.0,5.0,5.0,5.0,100.00,100.00,100.00,100.00,0.121675,0.052893,0.062858,0.032211,0.105447,0.047720,0.055778,0.027874,119.96,41.06,69.76,29.76,N/A,7,N/A,1,N/A,93,N/A,99,0.000099,0.000117,0.000095,0.000103,0.074952,0.031068,0.037624,0.018067,0.075051,0.031185,0.037719,0.018170,0.046624,0.021646,N/A,N/A,N/A,N/A,0.025139,0.014041,N/A,N/A,0.000805,0.000389,N/A,N/A,0.000045,0.000036,N/A,N/A,0.000176,0.000074,N/A,0.000062,N/A,0.000000,61.68,58.96,60.01,56.41,38.32,40.92,N/A,N/A,N/A,N/A,39.99,43.59,N/A,N/A,1.28,1.21,N/A,N/A,0.07,0.11,N/A,N/A,0.28,0.23,N/A,0.12,N/A,0.00
2020_00742,10,10,3,3,N/A,3,N/A,3,N/A,N/A,3,3,N/A,N/A,2,2,0.9,0.9,0.9,0.9,0.9,0.9,0.9,0.9,0.005,0.005,0.005,0.005,5.0,5.0,5.0,5.0,100.00,100.00,100.00,100.00,0.090592,0.059134,0.072493,0.025692,0.086805,0.055671,0.066368,0.028243,99.36,52.25,84.60,24.56,N/A,16,N/A,2,N/A,84,N/A,98,0.000103,0.000115,0.000103,0.000114,0.055120,0.034109,0.042814,0.014059,0.055223,0.034225,0.042917,0.014173,0.035370,0.024389,N/A,N/A,N/A,N/A,0.029576,0.011433,N/A,N/A,0.000991,0.000322,N/A,N/A,0.000041,0.000035,N/A,N/A,0.000219,0.000058,N/A,0.000521,N/A,0.000086,60.96,57.88,59.20,55.17,39.04,41.24,N/A,N/A,N/A,N/A,40.80,44.50,N/A,N/A,1.37,1.25,N/A,N/A,0.06,0.14,N/A,N/A,0.30,0.23,N/A,0.88,N/A,0.33
2020_00743,10,10,3,3,N/A,3,N/A,3,N/A,N/A,3,3,N/A,N/A,2,2,0.9,0.9,0.9,0.9,0.9,0.9,0.9,0.9,0.005,0.005,0.005,0.005,5.0,5.0,5.0,5.0,100.00,100.00,100.00,100.00,0.084652,0.042729,0.060338,0.025920,0.082197,0.054755,0.053779,0.024443,91.90,38.01,71.31,25.45,N/A,9,N/A,0,N/A,91,N/A,100,0.000101,0.000118,0.000105,0.000111,0.051517,0.024304,0.035582,0.014153,0.051618,0.024422,0.035686,0.014264,0.033035,0.017835,N/A,N/A,N/A,N/A,0.024652,0.011656,N/A,N/A,0.000830,0.000331,N/A,N/A,0.000040,0.000035,N/A,N/A,0.000174,0.000058,N/A,0.000472,N/A,0.000000,60.98,57.16,59.14,55.03,39.02,41.74,N/A,N/A,N/A,N/A,40.86,44.97,N/A,N/A,1.38,1.28,N/A,N/A,0.07,0.13,N/A,N/A,0.29,0.22,N/A,1.11,N/A,0.00
2020_00744,10,10,3,3,N/A,3,N/A,3,N/A,N/A,3,3,N/A,N/A,2,2,0.9,0.9,0.9,0.9,0.9,0.9,0.9,0.9,0.005,0.005,0.005,0.005,5.0,5.0,5.0,5.0,100.00,100.00,100.00,100.00,0.111884,0.046658,0.074420,0.029833,0.104048,0.050460,0.075160,0.032112,122.26,41.26,87.72,28.80,N/A,6,N/A,4,N/A,94,N/A,96,0.000102,0.000113,0.000104,0.000114,0.067971,0.026896,0.043951,0.016409,0.068073,0.027008,0.044056,0.016523,0.043811,0.019319,N/A,N/A,N/A,N/A,0.030365,0.013199,N/A,N/A,0.001005,0.000376,N/A,N/A,0.000046,0.000038,N/A,N/A,0.000214,0.000072,N/A,0.000330,N/A,0.000111,60.84,57.89,59.20,55.38,39.16,41.41,N/A,N/A,N/A,N/A,40.80,44.24,N/A,N/A,1.35,1.26,N/A,N/A,0.06,0.13,N/A,N/A,0.29,0.24,N/A,0.71,N/A,0.37
2020_00753,10,10,3,3,N/A,3,N/A,3,N/A,N/A,3,3,N/A,N/A,2,2,0.9,0.9,0.9,0.9,0.9,0.9,0.9,0.9,0.005,0.005,0.005,0.005,5.0,5.0,5.0,5.0,100.00,100.00,100.00,100.00,0.095420,0.048559,0.097664,0.043253,0.082639,0.043253,0.111062,0.039154,99.80,41.64,111.81,40.25,N/A,7,N/A,10,N/A,93,N/A,90,0.000101,0.000110,0.000098,0.000106,0.058237,0.028043,0.057943,0.024279,0.058337,0.028153,0.058041,0.024386,0.037083,0.020228,N/A,N/A,N/A,N/A,0.039624,0.018590,N/A,N/A,0.001278,0.000543,N/A,N/A,0.000045,0.000039,N/A,N/A,0.000276,0.000099,N/A,0.000178,N/A,0.000278,61.14,57.98,59.43,56.38,38.86,41.66,N/A,N/A,N/A,N/A,40.57,42.98,N/A,N/A,1.31,1.25,N/A,N/A,0.05,0.09,N/A,N/A,0.28,0.23,N/A,0.37,N/A,0.64
2020_00767,10,10,3,3,N/A,3,N/A,3,N/A,N/A,3,3,N/A,N/A,2,2,0.9,0.9,0.9,0.9,0.9,0.9,0.9,0.9,0.005,0.005,0.005,0.005,5.0,5.0,5.0,5.0,100.00,100.00,100.00,100.00,0.141290,0.068730,0.126429,0.045199,0.120098,0.062369,0.109720,0.043892,132.30,52.55,128.77,37.45,N/A,12,N/A,8,N/A,88,N/A,92,0.000096,0.000106,0.000095,0.000103,0.087124,0.040572,0.076443,0.025930,0.087220,0.040678,0.076537,0.026033,0.054070,0.027675,N/A,N/A,N/A,N/A,0.049892,0.019071,N/A,N/A,0.001448,0.000505,N/A,N/A,0.000040,0.000039,N/A,N/A,0.000320,0.000099,N/A,0.000377,N/A,0.000095,61.73,59.19,60.54,57.60,38.27,40.27,N/A,N/A,N/A,N/A,39.46,42.19,N/A,N/A,1.15,1.12,N/A,N/A,0.03,0.09,N/A,N/A,0.25,0.22,N/A,0.55,N/A,0.21
2020_00768,10,10,3,3,N/A,3,N/A,3,N/A,N/A,3,3,N/A,N/A,2,2,0.9,0.9,0.9,0.9,0.9,0.9,0.9,0.9,0.005,0.005,0.005,0.005,5.0,5.0,5.0,5.0,100.00,100.00,100.00,100.00,0.086917,0.031733,0.064030,0.028298,0.082075,0.030549,0.056203,0.029182,88.64,26.96,68.85,23.71,N/A,1,N/A,1,N/A,99,N/A,99,0.000100,0.000111,0.000105,0.000120,0.053304,0.018158,0.038265,0.015718,0.053404,0.018269,0.038370,0.015839,0.033514,0.013454,N/A,N/A,N/A,N/A,0.025660,0.012434,N/A,N/A,0.000826,0.000350,N/A,N/A,0.000043,0.000044,N/A,N/A,0.000185,0.000064,N/A,0.000010,N/A,0.000025,61.44,57.57,59.93,55.97,38.56,42.40,N/A,N/A,N/A,N/A,40.08,43.94,N/A,N/A,1.29,1.24,N/A,N/A,0.07,0.16,N/A,N/A,0.29,0.23,N/A,0.03,N/A,0.09
2020_00782,10,10,3,3,N/A,3,N/A,3,N/A,N/A,3,3,N/A,N/A,2,2,0.9,0.9,0.9,0.9,0.9,0.9,0.9,0.9,0.005,0.005,0.005,0.005,5.0,5.0,5.0,5.0,100.00,100.00,100.00,100.00,0.089598,0.045669,0.055364,0.028106,0.073348,0.040027,0.053611,0.023816,85.25,39.09,62.85,26.53,N/A,8,N/A,1,N/A,92,N/A,99,0.000109,0.000111,0.000102,0.000108,0.054648,0.026356,0.032906,0.015576,0.054757,0.026467,0.033008,0.015684,0.034841,0.019008,N/A,N/A,N/A,N/A,0.022357,0.012400,N/A,N/A,0.000721,0.000345,N/A,N/A,0.000041,0.000038,N/A,N/A,0.000152,0.000058,N/A,0.000195,N/A,0.000022,61.11,57.95,59.62,55.80,38.89,41.62,N/A,N/A,N/A,N/A,40.38,44.12,N/A,N/A,1.30,1.23,N/A,N/A,0.07,0.14,N/A,N/A,0.27,0.21,N/A,0.43,N/A,0.08
2020_00819,10,10,3,3,N/A,3,N/A,3,N/A,N/A,3,3,N/A,N/A,2,2,0.9,0.9,0.9,0.9,0.9,0.9,0.9,0.9,0.005,0.005,0.005,0.005,5.0,5.0,5.0,5.0,100.00,100.00,100.00,100.00,0.078687,0.044016,0.071274,0.034005,0.070052,0.032548,0.067483,0.031615,85.75,39.66,84.29,32.93,N/A,3,N/A,4,N/A,97,N/A,96,0.000105,0.000112,0.000106,0.000118,0.048014,0.025404,0.042265,0.018902,0.048119,0.025517,0.042372,0.019020,0.030568,0.018381,N/A,N/A,N/A,N/A,0.028902,0.014888,N/A,N/A,0.000980,0.000439,N/A,N/A,0.000041,0.000038,N/A,N/A,0.000213,0.000082,N/A,0.000119,N/A,0.000097,61.15,57.97,59.45,55.93,38.85,41.76,N/A,N/A,N/A,N/A,40.55,43.78,N/A,N/A,1.38,1.29,N/A,N/A,0.06,0.11,N/A,N/A,0.30,0.24,N/A,0.27,N/A,0.28
2020_00839,10,10,3,3,N/A,3,N/A,3,N/A,N/A,3,3,N/A,N/A,2,2,0.9,0.9,0.9,0.9,0.9,0.9,0.9,0.9,0.005,0.005,0.005,0.005,5.0,5.0,5.0,5.0,100.00,100.00,100.00,100.00,0.101248,0.051526,0.066630,0.019241,0.093503,0.049640,0.060855,0.016773,108.28,45.01,76.63,17.87,N/A,11,N/A,0,N/A,89,N/A,100,0.000104,0.000114,0.000107,0.000115,0.061697,0.029659,0.039553,0.010336,0.061801,0.029773,0.039660,0.010451,0.039447,0.021415,N/A,N/A,N/A,N/A,0.026970,0.008790,N/A,N/A,0.000897,0.000230,N/A,N/A,0.000042,0.000037,N/A,N/A,0.000195,0.000041,N/A,0.000337,N/A,0.000000,61.04,57.78,59.52,54.32,38.96,41.56,N/A,N/A,N/A,N/A,40.48,45.68,N/A,N/A,1.35,1.20,N/A,N/A,0.06,0.19,N/A,N/A,0.29,0.21,N/A,0.65,N/A,0.00
2020_00847,10,10,3,3,N/A,3,N/A,3,N/A,N/A,3,3,N/A,N/A,2,2,0.9,0.9,0.9,0.9,0.9,0.9,0.9,0.9,0.005,0.005,0.005,0.005,5.0,5.0,5.0,5.0,100.00,100.00,100.00,100.00,0.101738,0.065953,0.076209,0.038418,0.098907,0.066665,0.056054,0.028520,93.85,46.73,79.46,33.44,N/A,8,N/A,1,N/A,92,N/A,99,0.000103,0.000122,0.000101,0.000110,0.062989,0.038955,0.045887,0.021796,0.063093,0.039077,0.045988,0.021906,0.038646,0.026423,N/A,N/A,N/A,N/A,0.030220,0.016481,N/A,N/A,0.000943,0.000454,N/A,N/A,0.000043,0.000039,N/A,N/A,0.000213,0.000084,N/A,0.000453,N/A,0.000031,62.01,59.25,60.35,57.02,37.99,40.06,N/A,N/A,N/A,N/A,39.65,42.90,N/A,N/A,1.24,1.18,N/A,N/A,0.06,0.10,N/A,N/A,0.28,0.22,N/A,0.69,N/A,0.08
2020_00860,10,10,3,3,N/A,3,N/A,3,N/A,N/A,3,3,N/A,N/A,2,2,0.9,0.9,0.9,0.9,0.9,0.9,0.9,0.9,0.005,0.005,0.005,0.005,5.0,5.0,5.0,5.0,100.00,100.00,100.00,100.00,0.117166,0.045597,0.090377,0.044433,0.096387,0.038841,0.071492,0.037812,109.27,37.93,91.66,37.23,N/A,5,N/A,4,N/A,95,N/A,96,0.000107,0.000112,0.000108,0.000115,0.071856,0.026432,0.053866,0.025048,0.071964,0.026543,0.053974,0.025164,0.045203,0.019002,N/A,N/A,N/A,N/A,0.036403,0.019186,N/A,N/A,0.001170,0.000559,N/A,N/A,0.000046,0.000043,N/A,N/A,0.000270,0.000108,N/A,0.000051,N/A,0.000084,61.42,58.21,59.72,56.63,38.58,41.67,N/A,N/A,N/A,N/A,40.28,43.18,N/A,N/A,1.29,1.26,N/A,N/A,0.05,0.10,N/A,N/A,0.30,0.24,N/A,0.11,N/A,0.19
2020_00861,10,10,3,3,N/A,3,N/A,3,N/A,N/A,3,3,N/A,N/A,2,2,0.9,0.9,0.9,0.9,0.9,0.9,0.9,0.9,0.005,0.005,0.005,0.005,5.0,5.0,5.0,5.0,100.00,100.00,100.00,100.00,0.086984,0.044284,0.073158,0.032593,0.069446,0.039569,0.063799,0.031622,92.55,38.82,83.80,30.77,N/A,4,N/A,4,N/A,96,N/A,96,0.000103,0.000115,0.000106,0.000113,0.052949,0.025469,0.043335,0.018055,0.053052,0.025584,0.043441,0.018168,0.033932,0.018551,N/A,N/A,N/A,N/A,0.029717,0.014325,N/A,N/A,0.000973,0.000403,N/A,N/A,0.000040,0.000037,N/A,N/A,0.000225,0.000075,N/A,0.000148,N/A,0.000099,60.99,57.77,59.38,55.74,39.01,41.89,N/A,N/A,N/A,N/A,40.62,43.95,N/A,N/A,1.33,1.24,N/A,N/A,0.05,0.11,N/A,N/A,0.31,0.23,N/A,0.33,N/A,0.30
2020_00869,10,10,3,3,N/A,3,N/A,3,N/A,N/A,3,3,N/A,N/A,2,2,0.9,0.9,0.9,0.9,0.9,0.9,0.9,0.9,0.005,0.005,0.005,0.005,5.0,5.0,5.0,5.0,100.00,100.00,100.00,100.00,0.174038,0.079361,0.271409,0.093371,0.136370,0.071804,0.264255,0.093945,166.72,55.77,143.34,46.83,N/A,16,N/A,15,N/A,84,N/A,85,0.000092,0.000112,0.000176,0.000168,0.107805,0.046901,0.164303,0.053831,0.107897,0.047013,0.164479,0.053999,0.066141,0.031684,N/A,N/A,N/A,N/A,0.106931,0.038950,N/A,N/A,0.003456,0.001129,N/A,N/A,0.000091,0.000074,N/A,N/A,0.000826,0.000219,N/A,0.000664,N/A,0.000422,62.00,59.24,60.60,57.83,38.00,39.92,N/A,N/A,N/A,N/A,39.40,41.71,N/A,N/A,1.27,1.21,N/A,N/A,0.03,0.08,N/A,N/A,0.30,0.23,N/A,0.84,N/A,0.45
2020_00875,10,10,3,3,N/A,3,N/A,3,N/A,N/A,3,3,N/A,N/A,2,2,0.9,0.9,0.9,0.9,0.9,0.9,0.9,0.9,0.005,0.005,0.005,0.005,5.0,5.0,5.0,5.0,100.00,100.00,100.00,100.00,0.192325,0.076845,0.162698,0.059545,0.167796,0.056363,0.199560,0.057508,96.15,36.22,89.21,30.48,N/A,3,N/A,2,N/A,97,N/A,98,0.000174,0.000166,0.000174,0.000170,0.119355,0.045185,0.097870,0.033387,0.119529,0.045351,0.098045,0.033557,0.072797,0.031465,N/A,N/A,N/A,N/A,0.064653,0.025988,N/A,N/A,0.002111,0.000727,N/A,N/A,0.000093,0.000070,N/A,N/A,0.000502,0.000132,N/A,0.000028,N/A,0.000000,62.15,59.02,60.26,56.36,37.85,40.95,N/A,N/A,N/A,N/A,39.74,43.64,N/A,N/A,1.30,1.22,N/A,N/A,0.06,0.12,N/A,N/A,0.31,0.22,N/A,0.04,N/A,0.00
2020_00885,10,10,3,3,N/A,3,N/A,3,N/A,N/A,3,3,N/A,N/A,2,2,0.9,0.9,0.9,0.9,0.9,0.9,0.9,0.9,0.005,0.005,0.005,0.005,5.0,5.0,5.0,5.0,100.00,100.00,100.00,100.00,0.242513,0.101810,0.336600,0.108668,0.216755,0.086971,0.333454,0.096750,119.49,46.87,180.19,54.91,N/A,11,N/A,14,N/A,89,N/A,86,0.000188,0.000177,0.000187,0.000178,0.150324,0.059475,0.202943,0.062283,0.150511,0.059652,0.203130,0.062460,0.092001,0.041475,N/A,N/A,N/A,N/A,0.133469,0.045447,N/A,N/A,0.004285,0.001336,N/A,N/A,0.000094,0.000071,N/A,N/A,0.001061,0.000263,N/A,0.000684,N/A,0.000761,62.06,58.59,60.35,57.48,37.94,40.74,N/A,N/A,N/A,N/A,39.65,41.82,N/A,N/A,1.27,1.23,N/A,N/A,0.03,0.07,N/A,N/A,0.32,0.24,N/A,0.67,N/A,0.70
2020_00890,10,10,3,3,N/A,3,N/A,3,N/A,N/A,3,3,N/A,N/A,2,2,0.9,0.9,0.9,0.9,0.9,0.9,0.9,0.9,0.005,0.005,0.005,0.005,5.0,5.0,5.0,5.0,100.00,100.00,100.00,100.00,0.161128,0.063284,0.111582,0.043212,0.150346,0.064595,0.119319,0.040817,85.03,31.22,64.73,22.98,N/A,4,N/A,1,N/A,96,N/A,99,0.000194,0.000184,0.000192,0.000185,0.099544,0.036576,0.066612,0.023792,0.099738,0.036761,0.066804,0.023977,0.061389,0.026382,N/A,N/A,N/A,N/A,0.044779,0.019235,N/A,N/A,0.001521,0.000530,N/A,N/A,0.000081,0.000073,N/A,N/A,0.000359,0.000103,N/A,0.000141,N/A,0.000000,61.90,58.09,59.87,55.49,38.10,41.69,N/A,N/A,N/A,N/A,40.13,44.51,N/A,N/A,1.36,1.23,N/A,N/A,0.07,0.17,N/A,N/A,0.32,0.24,N/A,0.22,N/A,0.00
2020_00905,10,10,3,3,N/A,3,N/A,3,N/A,N/A,3,3,N/A,N/A,2,2,0.9,0.9,0.9,0.9,0.9,0.9,0.9,0.9,0.005,0.005,0.005,0.005,5.0,5.0,5.0,5.0,100.00,100.00,100.00,100.00,0.178017,0.077502,0.135365,0.058426,0.158893,0.076042,0.111847,0.049025,94.63,38.53,77.93,31.33,N/A,4,N/A,2,N/A,96,N/A,98,0.000200,0.000192,0.000199,0.000195,0.109200,0.044922,0.080851,0.032483,0.109400,0.045114,0.081050,0.032678,0.068618,0.032091,N/A,N/A,N/A,N/A,0.054315,0.025601,N/A,N/A,0.001836,0.000739,N/A,N/A,0.000085,0.000069,N/A,N/A,0.000426,0.000139,N/A,0.000297,N/A,0.000147,61.45,58.21,59.88,55.93,38.55,41.41,N/A,N/A,N/A,N/A,40.12,43.82,N/A,N/A,1.36,1.27,N/A,N/A,0.06,0.12,N/A,N/A,0.31,0.24,N/A,0.38,N/A,0.25
2020_00906,10,10,3,3,N/A,3,N/A,3,N/A,N/A,3,3,N/A,N/A,2,2,0.9,0.9,0.9,0.9,0.9,0.9,0.9,0.9,0.005,0.005,0.005,0.005,5.0,5.0,5.0,5.0,100.00,100.00,100.00,100.00,0.188854,0.085781,0.140937,0.060169,0.171159,0.084904,0.128895,0.054583,99.62,42.92,80.60,32.51,N/A,8,N/A,4,N/A,92,N/A,96,0.000199,0.000191,0.000197,0.000188,0.116304,0.049648,0.083918,0.033674,0.116503,0.049839,0.084116,0.033862,0.072351,0.035334,N/A,N/A,N/A,N/A,0.056822,0.026232,N/A,N/A,0.001929,0.000775,N/A,N/A,0.000086,0.000071,N/A,N/A,0.000456,0.000142,N/A,0.000608,N/A,0.000075,61.69,58.10,59.68,56.28,38.31,41.19,N/A,N/A,N/A,N/A,40.32,43.60,N/A,N/A,1.37,1.29,N/A,N/A,0.06,0.12,N/A,N/A,0.32,0.24,N/A,0.71,N/A,0.13
2020_00908,10,10,3,3,N/A,3,N/A,3,N/A,N/A,3,3,N/A,N/A,2,2,0.9,0.9,0.9,0.9,0.9,0.9,0.9,0.9,0.005,0.005,0.005,0.005,5.0,5.0,5.0,5.0,100.00,100.00,100.00,100.00,0.149901,0.063397,0.120147,0.047899,0.124626,0.060000,0.102529,0.052986,85.87,34.19,74.51,27.61,N/A,4,N/A,3,N/A,96,N/A,97,0.000222,0.000214,0.000224,0.000208,0.091376,0.036186,0.070820,0.026007,0.091598,0.036399,0.071044,0.026215,0.058303,0.026791,N/A,N/A,N/A,N/A,0.049102,0.021543,N/A,N/A,0.001790,0.000654,N/A,N/A,0.000079,0.000072,N/A,N/A,0.000425,0.000129,N/A,0.000207,N/A,0.000142,61.11,57.41,59.13,54.73,38.89,42.26,N/A,N/A,N/A,N/A,40.87,44.98,N/A,N/A,1.49,1.37,N/A,N/A,0.07,0.15,N/A,N/A,0.35,0.27,N/A,0.33,N/A,0.30
2020_00910,10,10,3,3,N/A,3,N/A,3,N/A,N/A,3,3,N/A,N/A,2,2,0.9,0.9,0.9,0.9,0.9,0.9,0.9,0.9,0.005,0.005,0.005,0.005,5.0,5.0,5.0,5.0,100.00,100.00,100.00,100.00,0.248031,0.115098,0.118367,0.039482,0.206690,0.103314,0.124653,0.036391,130.52,57.10,67.26,21.24,N/A,14,N/A,0,N/A,86,N/A,100,0.000211,0.000195,0.000207,0.000195,0.152751,0.067427,0.070927,0.021644,0.152962,0.067622,0.071133,0.021839,0.095069,0.046782,N/A,N/A,N/A,N/A,0.047234,0.017644,N/A,N/A,0.001648,0.000487,N/A,N/A,0.000082,0.000067,N/A,N/A,0.000392,0.000089,N/A,0.000694,N/A,0.000000,61.67,58.75,60.10,55.31,38.33,40.65,N/A,N/A,N/A,N/A,39.90,44.69,N/A,N/A,1.39,1.23,N/A,N/A,0.07,0.17,N/A,N/A,0.33,0.23,N/A,0.60,N/A,0.00
2020_00914,10,10,3,3,N/A,3,N/A,3,N/A,N/A,3,3,N/A,N/A,2,2,0.9,0.9,0.9,0.9,0.9,0.9,0.9,0.9,0.005,0.005,0.005,0.005,5.0,5.0,5.0,5.0,100.00,100.00,100.00,100.00,0.172814,0.092897,0.136852,0.061478,0.146023,0.080689,0.104391,0.057635,93.05,47.43,81.12,34.10,N/A,11,N/A,4,N/A,89,N/A,96,0.000207,0.000203,0.000207,0.000200,0.105891,0.053890,0.081364,0.034268,0.106098,0.054093,0.081571,0.034468,0.066716,0.038462,N/A,N/A,N/A,N/A,0.055281,0.026869,N/A,N/A,0.001934,0.000813,N/A,N/A,0.000082,0.000072,N/A,N/A,0.000464,0.000159,N/A,0.000343,N/A,0.000140,61.39,58.23,59.61,56.07,38.61,41.40,N/A,N/A,N/A,N/A,40.39,43.71,N/A,N/A,1.41,1.32,N/A,N/A,0.06,0.12,N/A,N/A,0.34,0.26,N/A,0.37,N/A,0.23
2020_00917,10,10,3,3,N/A,3,N/A,3,N/A,N/A,3,3,N/A,N/A,2,2,0.9,0.9,0.9,0.9,0.9,0.9,0.9,0.9,0.005,0.005,0.005,0.005,5.0,5.0,5.0,5.0,100.00,100.00,100.00,100.00,0.197802,0.070759,0.182835,0.058473,0.189601,0.054826,0.147726,0.050669,110.70,37.25,110.06,32.82,N/A,4,N/A,3,N/A,96,N/A,97,0.000217,0.000206,0.000217,0.000206,0.120956,0.040693,0.108380,0.032170,0.121173,0.040899,0.108597,0.032376,0.076629,0.029777,N/A,N/A,N/A,N/A,0.074239,0.025876,N/A,N/A,0.002645,0.000790,N/A,N/A,0.000079,0.000070,N/A,N/A,0.000637,0.000156,N/A,0.000083,N/A,0.000221,61.26,57.80,59.40,55.37,38.74,42.08,N/A,N/A,N/A,N/A,40.60,44.25,N/A,N/A,1.45,1.35,N/A,N/A,0.04,0.12,N/A,N/A,0.35,0.27,N/A,0.12,N/A,0.38
2020_00932,10,10,3,3,N/A,3,N/A,3,N/A,N/A,3,3,N/A,N/A,2,2,0.9,0.9,0.9,0.9,0.9,0.9,0.9,0.9,0.005,0.005,0.005,0.005,5.0,5.0,5.0,5.0,100.00,100.00,100.00,100.00,0.162212,0.067648,0.129281,0.061850,0.123188,0.053791,0.096081,0.048254,89.92,35.61,78.92,34.41,N/A,3,N/A,2,N/A,97,N/A,98,0.000216,0.000207,0.000209,0.000209,0.098994,0.038873,0.076417,0.034482,0.099210,0.039080,0.076626,0.034691,0.063002,0.028419,N/A,N/A,N/A,N/A,0.052655,0.027116,N/A,N/A,0.001872,0.000852,N/A,N/A,0.000078,0.000073,N/A,N/A,0.000459,0.000164,N/A,0.000149,N/A,0.000041,61.16,57.77,59.27,56.09,38.84,42.01,N/A,N/A,N/A,N/A,40.73,43.84,N/A,N/A,1.45,1.38,N/A,N/A,0.06,0.12,N/A,N/A,0.36,0.26,N/A,0.22,N/A,0.07
2020_00939,10,10,3,3,N/A,3,N/A,3,N/A,N/A,3,3,N/A,N/A,2,2,0.9,0.9,0.9,0.9,0.9,0.9,0.9,0.9,0.005,0.005,0.005,0.005,5.0,5.0,5.0,5.0,100.00,100.00,100.00,100.00,0.142722,0.065181,0.111385,0.047309,0.135827,0.050685,0.089957,0.045000,81.42,35.24,68.38,27.14,N/A,3,N/A,2,N/A,97,N/A,98,0.000210,0.000204,0.000217,0.000209,0.087222,0.037142,0.065906,0.025811,0.087432,0.037345,0.066122,0.026020,0.055290,0.027777,N/A,N/A,N/A,N/A,0.045263,0.021273,N/A,N/A,0.001615,0.000638,N/A,N/A,0.000079,0.000069,N/A,N/A,0.000392,0.000125,N/A,0.000058,N/A,0.000016,61.26,57.29,59.36,55.00,38.74,42.62,N/A,N/A,N/A,N/A,40.64,44.97,N/A,N/A,1.45,1.35,N/A,N/A,0.07,0.15,N/A,N/A,0.35,0.26,N/A,0.09,N/A,0.03
2020_00942,10,10,3,3,N/A,3,N/A,3,N/A,N/A,3,3,N/A,N/A,2,2,0.9,0.9,0.9,0.9,0.9,0.9,0.9,0.9,0.005,0.005,0.005,0.005,5.0,5.0,5.0,5.0,100.00,100.00,100.00,100.00,0.181774,0.090822,0.143372,0.053817,0.167957,0.080660,0.141297,0.049209,103.86,48.44,88.14,31.41,N/A,9,N/A,3,N/A,91,N/A,97,0.000214,0.000209,0.000210,0.000211,0.110888,0.052129,0.084668,0.029617,0.111102,0.052339,0.084878,0.029828,0.070672,0.037644,N/A,N/A,N/A,N/A,0.058495,0.023951,N/A,N/A,0.002146,0.000753,N/A,N/A,0.000078,0.000067,N/A,N/A,0.000525,0.000143,N/A,0.000839,N/A,0.000038,61.12,57.63,59.20,55.43,38.88,41.45,N/A,N/A,N/A,N/A,40.80,44.50,N/A,N/A,1.50,1.40,N/A,N/A,0.05,0.12,N/A,N/A,0.37,0.27,N/A,0.92,N/A,0.07
2020_00950,10,10,3,3,N/A,3,N/A,3,N/A,N/A,3,3,N/A,N/A,2,2,0.9,0.9,0.9,0.9,0.9,0.9,0.9,0.9,0.005,0.005,0.005,0.005,5.0,5.0,5.0,5.0,100.00,100.00,100.00,100.00,0.170481,0.077162,0.098753,0.044220,0.165792,0.071047,0.097969,0.039311,97.22,41.47,61.04,25.92,N/A,7,N/A,1,N/A,93,N/A,99,0.000211,0.000200,0.000209,0.000201,0.104001,0.044323,0.058160,0.024091,0.104212,0.044523,0.058369,0.024292,0.066269,0.032259,N/A,N/A,N/A,N/A,0.040385,0.019906,N/A,N/A,0.001436,0.000592,N/A,N/A,0.000080,0.000068,N/A,N/A,0.000346,0.000112,N/A,0.000380,N/A,0.000021,61.13,57.70,59.11,54.94,38.87,41.81,N/A,N/A,N/A,N/A,40.89,45.02,N/A,N/A,1.45,1.34,N/A,N/A,0.08,0.15,N/A,N/A,0.35,0.25,N/A,0.49,N/A,0.05
2020_00952,10,10,3,3,N/A,3,N/A,3,N/A,N/A,3,3,N/A,N/A,2,2,0.9,0.9,0.9,0.9,0.9,0.9,0.9,0.9,0.005,0.005,0.005,0.005,5.0,5.0,5.0,5.0,100.00,100.00,100.00,100.00,0.234911,0.087867,0.126022,0.051885,0.230101,0.069512,0.127347,0.040427,128.80,44.65,74.85,29.10,N/A,9,N/A,0,N/A,91,N/A,100,0.000205,0.000197,0.000213,0.000199,0.143837,0.051400,0.074692,0.028766,0.144043,0.051597,0.074905,0.028965,0.090868,0.036145,N/A,N/A,N/A,N/A,0.051117,0.022920,N/A,N/A,0.001755,0.000677,N/A,N/A,0.000081,0.000073,N/A,N/A,0.000415,0.000131,N/A,0.000125,N/A,0.000000,61.32,58.72,59.44,55.83,38.68,41.14,N/A,N/A,N/A,N/A,40.56,44.17,N/A,N/A,1.39,1.30,N/A,N/A,0.06,0.14,N/A,N/A,0.33,0.25,N/A,0.14,N/A,0.00
2020_00960,10,10,3,3,N/A,3,N/A,3,N/A,N/A,3,3,N/A,N/A,2,2,0.9,0.9,0.9,0.9,0.9,0.9,0.9,0.9,0.005,0.005,0.005,0.005,5.0,5.0,5.0,5.0,100.00,100.00,100.00,100.00,0.258769,0.110990,0.257519,0.087662,0.229965,0.085830,0.248848,0.083883,130.23,52.71,140.84,44.89,N/A,11,N/A,9,N/A,89,N/A,91,0.000197,0.000188,0.000200,0.000189,0.159989,0.065041,0.154170,0.049766,0.160186,0.065229,0.154370,0.049955,0.098583,0.045338,N/A,N/A,N/A,N/A,0.103148,0.037309,N/A,N/A,0.003396,0.001108,N/A,N/A,0.000083,0.000071,N/A,N/A,0.000886,0.000223,N/A,0.000423,N/A,0.000397,61.90,58.77,59.95,56.99,38.10,40.85,N/A,N/A,N/A,N/A,40.05,42.56,N/A,N/A,1.32,1.26,N/A,N/A,0.03,0.08,N/A,N/A,0.34,0.25,N/A,0.38,N/A,0.45
2020_00961,10,10,3,3,N/A,3,N/A,3,N/A,N/A,3,3,N/A,N/A,2,2,0.9,0.9,0.9,0.9,0.9,0.9,0.9,0.9,0.005,0.005,0.005,0.005,5.0,5.0,5.0,5.0,100.00,100.00,100.00,100.00,0.182459,0.103001,0.207606,0.066837,0.183698,0.088328,0.246490,0.066937,96.85,51.67,119.72,36.79,N/A,10,N/A,5,N/A,90,N/A,95,0.000201,0.000190,0.000205,0.000186,0.111917,0.059921,0.123606,0.037310,0.112117,0.060110,0.123811,0.037497,0.070342,0.042287,N/A,N/A,N/A,N/A,0.083795,0.029122,N/A,N/A,0.002880,0.000855,N/A,N/A,0.000093,0.000071,N/A,N/A,0.000679,0.000168,N/A,0.000604,N/A,0.000218,61.45,58.36,59.64,56.10,38.55,41.05,N/A,N/A,N/A,N/A,40.36,43.57,N/A,N/A,1.39,1.28,N/A,N/A,0.04,0.11,N/A,N/A,0.33,0.25,N/A,0.59,N/A,0.33
2020_00964,10,10,3,3,N/A,3,N/A,3,N/A,N/A,3,3,N/A,N/A,2,2,0.9,0.9,0.9,0.9,0.9,0.9,0.9,0.9,0.005,0.005,0.005,0.005,5.0,5.0,5.0,5.0,100.00,100.00,100.00,100.00,0.171559,0.058876,0.151413,0.045147,0.166333,0.061864,0.136390,0.044199,92.14,29.74,88.77,24.27,N/A,2,N/A,2,N/A,98,N/A,98,0.000194,0.000189,0.000202,0.000197,0.105297,0.033595,0.089992,0.024865,0.105491,0.033783,0.090194,0.025061,0.066069,0.024972,N/A,N/A,N/A,N/A,0.061218,0.020061,N/A,N/A,0.002132,0.000572,N/A,N/A,0.000079,0.000077,N/A,N/A,0.000498,0.000107,N/A,0.000121,N/A,0.000025,61.49,57.38,59.57,55.51,38.51,42.41,N/A,N/A,N/A,N/A,40.43,44.44,N/A,N/A,1.41,1.27,N/A,N/A,0.05,0.17,N/A,N/A,0.33,0.24,N/A,0.21,N/A,0.05
2020_00966,10,10,3,3,N/A,3,N/A,3,N/A,N/A,3,3,N/A,N/A,2,2,0.9,0.9,0.9,0.9,0.9,0.9,0.9,0.9,0.005,0.005,0.005,0.005,5.0,5.0,5.0,5.0,100.00,100.00,100.00,100.00,0.174954,0.078569,0.148908,0.052873,0.136244,0.077089,0.140899,0.045116,99.18,41.50,92.42,30.59,N/A,7,N/A,2,N/A,93,N/A,98,0.000217,0.000203,0.000215,0.000206,0.106615,0.045096,0.087936,0.029029,0.106833,0.045298,0.088151,0.029235,0.068121,0.032648,N/A,N/A,N/A,N/A,0.060757,0.023566,N/A,N/A,0.002240,0.000726,N/A,N/A,0.000076,0.000070,N/A,N/A,0.000523,0.000133,N/A,0.000622,N/A,0.000072,61.06,57.65,59.20,55.29,38.94,41.55,N/A,N/A,N/A,N/A,40.80,44.57,N/A,N/A,1.50,1.37,N/A,N/A,0.05,0.13,N/A,N/A,0.35,0.25,N/A,0.79,N/A,0.14
2020_00968,10,10,3,3,N/A,3,N/A,3,N/A,N/A,3,3,N/A,N/A,2,2,0.9,0.9,0.9,0.9,0.9,0.9,0.9,0.9,0.005,0.005,0.005,0.005,5.0,5.0,5.0,5.0,100.00,100.00,100.00,100.00,0.165026,0.064067,0.096105,0.037356,0.139177,0.049328,0.082434,0.037253,103.06,37.81,64.90,23.37,N/A,3,N/A,1,N/A,97,N/A,99,0.000231,0.000219,0.000224,0.000214,0.100350,0.036186,0.056277,0.019946,0.100582,0.036405,0.056501,0.020160,0.064445,0.027380,N/A,N/A,N/A,N/A,0.039604,0.017083,N/A,N/A,0.001508,0.000539,N/A,N/A,0.000082,0.000069,N/A,N/A,0.000362,0.000101,N/A,0.000282,N/A,0.000113,60.95,56.82,58.79,53.97,39.05,42.74,N/A,N/A,N/A,N/A,41.21,45.73,N/A,N/A,1.57,1.44,N/A,N/A,0.09,0.18,N/A,N/A,0.38,0.27,N/A,0.44,N/A,0.30
2020_00986,10,10,3,3,N/A,3,N/A,3,N/A,N/A,3,3,N/A,N/A,2,2,0.9,0.9,0.9,0.9,0.9,0.9,0.9,0.9,0.005,0.005,0.005,0.005,5.0,5.0,5.0,5.0,100.00,100.00,100.00,100.00,0.152297,0.048820,0.095148,0.037423,0.144583,0.048190,0.090149,0.037393,85.90,25.46,57.40,20.77,N/A,2,N/A,1,N/A,98,N/A,99,0.000207,0.000207,0.000205,0.000203,0.092887,0.027469,0.056152,0.019828,0.093094,0.027676,0.056357,0.020031,0.059204,0.020963,N/A,N/A,N/A,N/A,0.038791,0.017278,N/A,N/A,0.001344,0.000470,N/A,N/A,0.000076,0.000057,N/A,N/A,0.000326,0.000086,N/A,0.000182,N/A,0.000114,61.13,56.69,59.23,53.53,38.87,42.94,N/A,N/A,N/A,N/A,40.77,46.17,N/A,N/A,1.41,1.26,N/A,N/A,0.08,0.15,N/A,N/A,0.34,0.23,N/A,0.37,N/A,0.30
2020_00993,10,10,3,3,N/A,3,N/A,3,N/A,N/A,3,3,N/A,N/A,2,2,0.9,0.9,0.9,0.9,0.9,0.9,0.9,0.9,0.005,0.005,0.005,0.005,5.0,5.0,5.0,5.0,100.00,100.00,100.00,100.00,0.147560,0.057832,0.124338,0.058883,0.130226,0.051145,0.107749,0.061277,77.84,28.85,70.49,31.43,N/A,2,N/A,3,N/A,98,N/A,97,0.000208,0.000204,0.000207,0.000203,0.090673,0.033097,0.074277,0.032843,0.090882,0.033301,0.074484,0.033046,0.056678,0.024344,N/A,N/A,N/A,N/A,0.049853,0.025699,N/A,N/A,0.001706,0.000756,N/A,N/A,0.000078,0.000069,N/A,N/A,0.000412,0.000147,N/A,0.000187,N/A,0.000138,61.59,57.58,59.90,56.12,38.41,42.09,N/A,N/A,N/A,N/A,40.09,43.64,N/A,N/A,1.37,1.28,N/A,N/A,0.06,0.12,N/A,N/A,0.33,0.25,N/A,0.32,N/A,0.23
2020_00997,10,10,3,3,N/A,3,N/A,3,N/A,N/A,3,3,N/A,N/A,2,2,0.9,0.9,0.9,0.9,0.9,0.9,0.9,0.9,0.005,0.005,0.005,0.005,5.0,5.0,5.0,5.0,100.00,100.00,100.00,100.00,0.405935,0.174667,0.302658,0.116383,0.366890,0.167514,0.289181,0.109257,209.70,83.31,169.11,61.47,N/A,31,N/A,19,N/A,69,N/A,81,0.000209,0.000196,0.000209,0.000203,0.249613,0.101276,0.180990,0.065993,0.249822,0.101472,0.181199,0.066195,0.156112,0.070357,N/A,N/A,N/A,N/A,0.121459,0.049280,N/A,N/A,0.004097,0.001522,N/A,N/A,0.000084,0.000072,N/A,N/A,0.001001,0.000304,N/A,0.002838,N/A,0.000909,61.54,58.09,59.87,56.88,38.46,40.28,N/A,N/A,N/A,N/A,40.13,42.34,N/A,N/A,1.35,1.31,N/A,N/A,0.03,0.06,N/A,N/A,0.33,0.26,N/A,1.62,N/A,0.78
2020_00998,10,10,3,3,N/A,3,N/A,3,N/A,N/A,3,3,N/A,N/A,2,2,0.9,0.9,0.9,0.9,0.9,0.9,0.9,0.9,0.005,0.005,0.005,0.005,5.0,5.0,5.0,5.0,100.00,100.00,100.00,100.00,0.431498,0.178383,0.371793,0.110835,0.379482,0.183096,0.351433,0.105208,211.73,81.68,199.96,56.41,N/A,31,N/A,18,N/A,69,N/A,82,0.000205,0.000190,0.000208,0.000196,0.265960,0.104448,0.222668,0.062456,0.266165,0.104638,0.222876,0.062652,0.165332,0.071072,N/A,N/A,N/A,N/A,0.148917,0.046640,N/A,N/A,0.004811,0.001373,N/A,N/A,0.000086,0.000074,N/A,N/A,0.001172,0.000274,N/A,0.002673,N/A,0.001543,61.68,58.66,59.95,56.53,38.32,39.84,N/A,N/A,N/A,N/A,40.05,42.08,N/A,N/A,1.29,1.24,N/A,N/A,0.02,0.07,N/A,N/A,0.32,0.25,N/A,1.50,N/A,1.39
2020_00999,10,10,3,3,N/A,3,N/A,3,N/A,N/A,3,3,N/A,N/A,2,2,0.9,0.9,0.9,0.9,0.9,0.9,0.9,0.9,0.005,0.005,0.005,0.005,5.0,5.0,5.0,5.0,100.00,100.00,100.00,100.00,0.269625,0.108168,0.280905,0.097810,0.252056,0.098858,0.285846,0.109827,153.99,57.95,174.74,57.37,N/A,14,N/A,15,N/A,86,N/A,85,0.000212,0.000210,0.000220,0.000206,0.164690,0.062244,0.165541,0.054637,0.164902,0.062454,0.165761,0.054843,0.104722,0.045142,N/A,N/A,N/A,N/A,0.115143,0.042010,N/A,N/A,0.004175,0.001362,N/A,N/A,0.000088,0.000067,N/A,N/A,0.001011,0.000276,N/A,0.000571,N/A,0.000956,61.16,57.74,59.01,56.07,38.84,41.73,N/A,N/A,N/A,N/A,40.99,42.95,N/A,N/A,1.49,1.39,N/A,N/A,0.03,0.07,N/A,N/A,0.36,0.28,N/A,0.53,N/A,0.98
paquita_00100,10,10,3,3,N/A,3,N/A,3,N/A,N/A,3,3,N/A,N/A,2,2,0.9,0.9,0.9,0.9,0.9,0.9,0.9,0.9,0.005,0.005,0.005,0.005,5.0,5.0,5.0,5.0,100.00,100.00,100.00,100.00,0.026206,0.007450,0.010137,0.005241,0.029389,0.008732,0.012907,0.004264,16.78,3.64,6.72,2.51,N/A,0,N/A,0,N/A,100,N/A,100,0.000217,0.000225,0.000224,0.000218,0.015572,0.003048,0.005731,0.001797,0.015789,0.003273,0.005955,0.002015,0.010418,0.004177,N/A,N/A,N/A,N/A,0.004182,0.003226,N/A,N/A,0.000146,0.000045,N/A,N/A,0.000050,0.000019,N/A,N/A,0.000035,0.000009,N/A,0.000000,N/A,0.000000,60.25,43.93,58.75,38.44,39.75,56.07,N/A,N/A,N/A,N/A,41.25,61.57,N/A,N/A,1.44,0.86,N/A,N/A,0.49,0.36,N/A,N/A,0.35,0.17,N/A,0.00,N/A,0.00
